region1-1,csp,2005-01-01 00:00:00,monetary,0.0
region1-1,csp,2005-01-01 01:00:00,monetary,0.0
region1-1,csp,2005-01-01 02:00:00,monetary,0.0
region1-1,csp,2005-01-01 03:00:00,monetary,0.0
region1-1,csp,2005-01-01 04:00:00,monetary,0.0
region1-1,csp,2005-01-01 05:00:00,monetary,0.0
region1-1,csp,2005-01-01 06:00:00,monetary,0.0
region1-1,csp,2005-01-01 07:00:00,monetary,1.96632385267083
region1-1,csp,2005-01-01 08:00:00,monetary,18.0
region1-1,csp,2005-01-01 09:00:00,monetary,18.0
region1-1,csp,2005-01-01 10:00:00,monetary,18.0
region1-1,csp,2005-01-01 11:00:00,monetary,18.0
region1-1,csp,2005-01-01 12:00:00,monetary,18.0
region1-1,csp,2005-01-01 13:00:00,monetary,18.0
region1-1,csp,2005-01-01 14:00:00,monetary,18.0
region1-1,csp,2005-01-01 15:00:00,monetary,18.0
region1-1,csp,2005-01-01 16:00:00,monetary,18.0
region1-1,csp,2005-01-01 17:00:00,monetary,18.0
region1-1,csp,2005-01-01 18:00:00,monetary,18.0000000000001
region1-1,csp,2005-01-01 19:00:00,monetary,18.0
region1-1,csp,2005-01-01 20:00:00,monetary,18.0
region1-1,csp,2005-01-01 21:00:00,monetary,18.0
region1-1,csp,2005-01-01 22:00:00,monetary,12.1658351229847
region1-1,csp,2005-01-01 23:00:00,monetary,0.0
region1-1,csp,2005-01-02 00:00:00,monetary,0.0
region1-1,csp,2005-01-02 01:00:00,monetary,0.0
region1-1,csp,2005-01-02 02:00:00,monetary,0.0
region1-1,csp,2005-01-02 03:00:00,monetary,0.0
region1-1,csp,2005-01-02 04:00:00,monetary,0.0
region1-1,csp,2005-01-02 05:00:00,monetary,3.6980988235294
region1-1,csp,2005-01-02 06:00:00,monetary,7.33199905882352
region1-1,csp,2005-01-02 07:00:00,monetary,9.78476894117647
region1-1,csp,2005-01-02 08:00:00,monetary,18.0
region1-1,csp,2005-01-02 09:00:00,monetary,18.0
region1-1,csp,2005-01-02 10:00:00,monetary,18.0
region1-1,csp,2005-01-02 11:00:00,monetary,18.0
region1-1,csp,2005-01-02 12:00:00,monetary,18.0
region1-1,csp,2005-01-02 13:00:00,monetary,18.0
region1-1,csp,2005-01-02 14:00:00,monetary,18.0
region1-1,csp,2005-01-02 15:00:00,monetary,18.0
region1-1,csp,2005-01-02 16:00:00,monetary,18.0
region1-1,csp,2005-01-02 17:00:00,monetary,18.0
region1-1,csp,2005-01-02 18:00:00,monetary,17.121745882353
region1-1,csp,2005-01-02 19:00:00,monetary,14.0434418823529
region1-1,csp,2005-01-02 20:00:00,monetary,10.5820470588235
region1-1,csp,2005-01-02 21:00:00,monetary,5.87958400000001
region1-1,csp,2005-01-02 22:00:00,monetary,1.78695999999999
region1-1,csp,2005-01-02 23:00:00,monetary,0.0
region1-1,csp,2005-01-03 00:00:00,monetary,0.0
region1-1,csp,2005-01-03 01:00:00,monetary,0.0
region1-1,csp,2005-01-03 02:00:00,monetary,0.0
region1-1,csp,2005-01-03 03:00:00,monetary,0.0
region1-1,csp,2005-01-03 04:00:00,monetary,3.21448282352941
region1-1,csp,2005-01-03 05:00:00,monetary,8.94197082352941
region1-1,csp,2005-01-03 06:00:00,monetary,12.8589110588235
region1-1,csp,2005-01-03 07:00:00,monetary,14.9828169411765
region1-1,csp,2005-01-03 08:00:00,monetary,16.282944
region1-1,csp,2005-01-03 09:00:00,monetary,16.872192
region1-1,csp,2005-01-03 10:00:00,monetary,16.3454230588235
region1-1,csp,2005-01-03 11:00:00,monetary,15.7311510588235
region1-1,csp,2005-01-03 12:00:00,monetary,15.4305948235294
region1-1,csp,2005-01-03 13:00:00,monetary,16.0185138823529
region1-1,csp,2005-01-03 14:00:00,monetary,17.8526409411765
region1-1,csp,2005-01-03 15:00:00,monetary,18.0
region1-1,csp,2005-01-03 16:00:00,monetary,18.0
region1-1,csp,2005-01-03 17:00:00,monetary,18.0
region1-1,csp,2005-01-03 18:00:00,monetary,18.0
region1-1,csp,2005-01-03 19:00:00,monetary,16.1664818823529
region1-1,csp,2005-01-03 20:00:00,monetary,12.6283378823529
region1-1,csp,2005-01-03 21:00:00,monetary,8.13073788235295
region1-1,csp,2005-01-03 22:00:00,monetary,4.40417788235295
region1-1,csp,2005-01-03 23:00:00,monetary,1.98382588235272
region1-1,csp,2005-01-04 00:00:00,monetary,0.530769882352935
region1-1,csp,2005-01-04 01:00:00,monetary,0.0
region1-1,csp,2005-01-04 02:00:00,monetary,0.19080188235294
region1-1,csp,2005-01-04 03:00:00,monetary,1.28654588235293
region1-1,csp,2005-01-04 04:00:00,monetary,5.15962375362555
region1-1,csp,2005-01-04 05:00:00,monetary,10.1778748235294
region1-1,csp,2005-01-04 06:00:00,monetary,14.1545270588235
region1-1,csp,2005-01-04 07:00:00,monetary,16.2211529411765
region1-1,csp,2005-01-04 08:00:00,monetary,17.453056
region1-1,csp,2005-01-04 09:00:00,monetary,18.0
region1-1,csp,2005-01-04 10:00:00,monetary,17.7090258510673
region1-1,csp,2005-01-04 11:00:00,monetary,17.0716310588235
region1-1,csp,2005-01-04 12:00:00,monetary,16.8092828235294
region1-1,csp,2005-01-04 13:00:00,monetary,17.1756018823529
region1-1,csp,2005-01-04 14:00:00,monetary,18.0
region1-1,csp,2005-01-04 15:00:00,monetary,18.0
region1-1,csp,2005-01-04 16:00:00,monetary,18.0
region1-1,csp,2005-01-04 17:00:00,monetary,18.0
region1-1,csp,2005-01-04 18:00:00,monetary,18.0
region1-1,csp,2005-01-04 19:00:00,monetary,17.1892018823529
region1-1,csp,2005-01-04 20:00:00,monetary,13.7501618823529
region1-1,csp,2005-01-04 21:00:00,monetary,9.07182588235294
region1-1,csp,2005-01-04 22:00:00,monetary,5.18820988235294
region1-1,csp,2005-01-04 23:00:00,monetary,2.62923388235293
region1-1,csp,2005-01-05 00:00:00,monetary,1.20840188235293
region1-1,csp,2005-01-05 01:00:00,monetary,0.672369882352938
region1-1,csp,2005-01-05 02:00:00,monetary,0.912529882352937
region1-1,csp,2005-01-05 03:00:00,monetary,2.08756988235294
region1-1,csp,2005-01-05 04:00:00,monetary,6.61108988235293
region1-1,csp,2005-01-05 05:00:00,monetary,12.4211270262344
region1-1,csp,2005-01-05 06:00:00,monetary,15.2508470588235
region1-1,csp,2005-01-05 07:00:00,monetary,17.3184649411765
region1-1,csp,2005-01-05 08:00:00,monetary,18.0
region1-1,csp,2005-01-05 09:00:00,monetary,18.0
region1-1,csp,2005-01-05 10:00:00,monetary,18.0
region1-1,csp,2005-01-05 11:00:00,monetary,18.0
region1-1,csp,2005-01-05 12:00:00,monetary,18.0
region1-1,csp,2005-01-05 13:00:00,monetary,18.0
region1-1,csp,2005-01-05 14:00:00,monetary,18.0
region1-1,csp,2005-01-05 15:00:00,monetary,18.0
region1-1,csp,2005-01-05 16:00:00,monetary,18.0
region1-1,csp,2005-01-05 17:00:00,monetary,18.0
region1-1,csp,2005-01-05 18:00:00,monetary,18.0
region1-1,csp,2005-01-05 19:00:00,monetary,18.0
region1-1,csp,2005-01-05 20:00:00,monetary,18.0
region1-1,csp,2005-01-05 21:00:00,monetary,18.0
region1-1,csp,2005-01-05 22:00:00,monetary,18.0
region1-1,csp,2005-01-05 23:00:00,monetary,14.4680620267855
region1-1,free_transmission:region1,2005-01-01 00:00:00,monetary,0.0
region1-1,free_transmission:region1,2005-01-01 01:00:00,monetary,0.0
region1-1,free_transmission:region1,2005-01-01 02:00:00,monetary,0.0
region1-1,free_transmission:region1,2005-01-01 03:00:00,monetary,0.0
region1-1,free_transmission:region1,2005-01-01 04:00:00,monetary,0.0
region1-1,free_transmission:region1,2005-01-01 05:00:00,monetary,0.0
region1-1,free_transmission:region1,2005-01-01 06:00:00,monetary,0.0
region1-1,free_transmission:region1,2005-01-01 07:00:00,monetary,0.0
region1-1,free_transmission:region1,2005-01-01 08:00:00,monetary,0.0
region1-1,free_transmission:region1,2005-01-01 09:00:00,monetary,0.0
region1-1,free_transmission:region1,2005-01-01 10:00:00,monetary,0.0
region1-1,free_transmission:region1,2005-01-01 11:00:00,monetary,0.0
region1-1,free_transmission:region1,2005-01-01 12:00:00,monetary,0.0
region1-1,free_transmission:region1,2005-01-01 13:00:00,monetary,0.0
region1-1,free_transmission:region1,2005-01-01 14:00:00,monetary,0.0
region1-1,free_transmission:region1,2005-01-01 15:00:00,monetary,0.0
region1-1,free_transmission:region1,2005-01-01 16:00:00,monetary,0.0
region1-1,free_transmission:region1,2005-01-01 17:00:00,monetary,0.0
region1-1,free_transmission:region1,2005-01-01 18:00:00,monetary,0.0
region1-1,free_transmission:region1,2005-01-01 19:00:00,monetary,0.0
region1-1,free_transmission:region1,2005-01-01 20:00:00,monetary,0.0
region1-1,free_transmission:region1,2005-01-01 21:00:00,monetary,0.0
region1-1,free_transmission:region1,2005-01-01 22:00:00,monetary,0.0
region1-1,free_transmission:region1,2005-01-01 23:00:00,monetary,0.0
region1-1,free_transmission:region1,2005-01-02 00:00:00,monetary,0.0
region1-1,free_transmission:region1,2005-01-02 01:00:00,monetary,0.0
region1-1,free_transmission:region1,2005-01-02 02:00:00,monetary,0.0
region1-1,free_transmission:region1,2005-01-02 03:00:00,monetary,0.0
region1-1,free_transmission:region1,2005-01-02 04:00:00,monetary,0.0
region1-1,free_transmission:region1,2005-01-02 05:00:00,monetary,0.0
region1-1,free_transmission:region1,2005-01-02 06:00:00,monetary,0.0
region1-1,free_transmission:region1,2005-01-02 07:00:00,monetary,0.0
region1-1,free_transmission:region1,2005-01-02 08:00:00,monetary,0.0
region1-1,free_transmission:region1,2005-01-02 09:00:00,monetary,0.0
region1-1,free_transmission:region1,2005-01-02 10:00:00,monetary,0.0
region1-1,free_transmission:region1,2005-01-02 11:00:00,monetary,0.0
region1-1,free_transmission:region1,2005-01-02 12:00:00,monetary,0.0
region1-1,free_transmission:region1,2005-01-02 13:00:00,monetary,0.0
region1-1,free_transmission:region1,2005-01-02 14:00:00,monetary,0.0
region1-1,free_transmission:region1,2005-01-02 15:00:00,monetary,0.0
region1-1,free_transmission:region1,2005-01-02 16:00:00,monetary,0.0
region1-1,free_transmission:region1,2005-01-02 17:00:00,monetary,0.0
region1-1,free_transmission:region1,2005-01-02 18:00:00,monetary,0.0
region1-1,free_transmission:region1,2005-01-02 19:00:00,monetary,0.0
region1-1,free_transmission:region1,2005-01-02 20:00:00,monetary,0.0
region1-1,free_transmission:region1,2005-01-02 21:00:00,monetary,0.0
region1-1,free_transmission:region1,2005-01-02 22:00:00,monetary,0.0
region1-1,free_transmission:region1,2005-01-02 23:00:00,monetary,0.0
region1-1,free_transmission:region1,2005-01-03 00:00:00,monetary,0.0
region1-1,free_transmission:region1,2005-01-03 01:00:00,monetary,0.0
region1-1,free_transmission:region1,2005-01-03 02:00:00,monetary,0.0
region1-1,free_transmission:region1,2005-01-03 03:00:00,monetary,0.0
region1-1,free_transmission:region1,2005-01-03 04:00:00,monetary,0.0
region1-1,free_transmission:region1,2005-01-03 05:00:00,monetary,0.0
region1-1,free_transmission:region1,2005-01-03 06:00:00,monetary,0.0
region1-1,free_transmission:region1,2005-01-03 07:00:00,monetary,0.0
region1-1,free_transmission:region1,2005-01-03 08:00:00,monetary,0.0
region1-1,free_transmission:region1,2005-01-03 09:00:00,monetary,0.0
region1-1,free_transmission:region1,2005-01-03 10:00:00,monetary,0.0
region1-1,free_transmission:region1,2005-01-03 11:00:00,monetary,0.0
region1-1,free_transmission:region1,2005-01-03 12:00:00,monetary,0.0
region1-1,free_transmission:region1,2005-01-03 13:00:00,monetary,0.0
region1-1,free_transmission:region1,2005-01-03 14:00:00,monetary,0.0
region1-1,free_transmission:region1,2005-01-03 15:00:00,monetary,0.0
region1-1,free_transmission:region1,2005-01-03 16:00:00,monetary,0.0
region1-1,free_transmission:region1,2005-01-03 17:00:00,monetary,0.0
region1-1,free_transmission:region1,2005-01-03 18:00:00,monetary,0.0
region1-1,free_transmission:region1,2005-01-03 19:00:00,monetary,0.0
region1-1,free_transmission:region1,2005-01-03 20:00:00,monetary,0.0
region1-1,free_transmission:region1,2005-01-03 21:00:00,monetary,0.0
region1-1,free_transmission:region1,2005-01-03 22:00:00,monetary,0.0
region1-1,free_transmission:region1,2005-01-03 23:00:00,monetary,0.0
region1-1,free_transmission:region1,2005-01-04 00:00:00,monetary,0.0
region1-1,free_transmission:region1,2005-01-04 01:00:00,monetary,0.0
region1-1,free_transmission:region1,2005-01-04 02:00:00,monetary,0.0
region1-1,free_transmission:region1,2005-01-04 03:00:00,monetary,0.0
region1-1,free_transmission:region1,2005-01-04 04:00:00,monetary,0.0
region1-1,free_transmission:region1,2005-01-04 05:00:00,monetary,0.0
region1-1,free_transmission:region1,2005-01-04 06:00:00,monetary,0.0
region1-1,free_transmission:region1,2005-01-04 07:00:00,monetary,0.0
region1-1,free_transmission:region1,2005-01-04 08:00:00,monetary,0.0
region1-1,free_transmission:region1,2005-01-04 09:00:00,monetary,0.0
region1-1,free_transmission:region1,2005-01-04 10:00:00,monetary,0.0
region1-1,free_transmission:region1,2005-01-04 11:00:00,monetary,0.0
region1-1,free_transmission:region1,2005-01-04 12:00:00,monetary,0.0
region1-1,free_transmission:region1,2005-01-04 13:00:00,monetary,0.0
region1-1,free_transmission:region1,2005-01-04 14:00:00,monetary,0.0
region1-1,free_transmission:region1,2005-01-04 15:00:00,monetary,0.0
region1-1,free_transmission:region1,2005-01-04 16:00:00,monetary,0.0
region1-1,free_transmission:region1,2005-01-04 17:00:00,monetary,0.0
region1-1,free_transmission:region1,2005-01-04 18:00:00,monetary,0.0
region1-1,free_transmission:region1,2005-01-04 19:00:00,monetary,0.0
region1-1,free_transmission:region1,2005-01-04 20:00:00,monetary,0.0
region1-1,free_transmission:region1,2005-01-04 21:00:00,monetary,0.0
region1-1,free_transmission:region1,2005-01-04 22:00:00,monetary,0.0
region1-1,free_transmission:region1,2005-01-04 23:00:00,monetary,0.0
region1-1,free_transmission:region1,2005-01-05 00:00:00,monetary,0.0
region1-1,free_transmission:region1,2005-01-05 01:00:00,monetary,0.0
region1-1,free_transmission:region1,2005-01-05 02:00:00,monetary,0.0
region1-1,free_transmission:region1,2005-01-05 03:00:00,monetary,0.0
region1-1,free_transmission:region1,2005-01-05 04:00:00,monetary,0.0
region1-1,free_transmission:region1,2005-01-05 05:00:00,monetary,0.0
region1-1,free_transmission:region1,2005-01-05 06:00:00,monetary,0.0
region1-1,free_transmission:region1,2005-01-05 07:00:00,monetary,0.0
region1-1,free_transmission:region1,2005-01-05 08:00:00,monetary,0.0
region1-1,free_transmission:region1,2005-01-05 09:00:00,monetary,0.0
region1-1,free_transmission:region1,2005-01-05 10:00:00,monetary,0.0
region1-1,free_transmission:region1,2005-01-05 11:00:00,monetary,0.0
region1-1,free_transmission:region1,2005-01-05 12:00:00,monetary,0.0
region1-1,free_transmission:region1,2005-01-05 13:00:00,monetary,0.0
region1-1,free_transmission:region1,2005-01-05 14:00:00,monetary,0.0
region1-1,free_transmission:region1,2005-01-05 15:00:00,monetary,0.0
region1-1,free_transmission:region1,2005-01-05 16:00:00,monetary,0.0
region1-1,free_transmission:region1,2005-01-05 17:00:00,monetary,0.0
region1-1,free_transmission:region1,2005-01-05 18:00:00,monetary,0.0
region1-1,free_transmission:region1,2005-01-05 19:00:00,monetary,0.0
region1-1,free_transmission:region1,2005-01-05 20:00:00,monetary,0.0
region1-1,free_transmission:region1,2005-01-05 21:00:00,monetary,0.0
region1-1,free_transmission:region1,2005-01-05 22:00:00,monetary,0.0
region1-1,free_transmission:region1,2005-01-05 23:00:00,monetary,0.0
region1-2,csp,2005-01-01 00:00:00,monetary,0.0
region1-2,csp,2005-01-01 01:00:00,monetary,0.0
region1-2,csp,2005-01-01 02:00:00,monetary,0.0
region1-2,csp,2005-01-01 03:00:00,monetary,0.0
region1-2,csp,2005-01-01 04:00:00,monetary,0.0
region1-2,csp,2005-01-01 05:00:00,monetary,0.0
region1-2,csp,2005-01-01 06:00:00,monetary,0.0
region1-2,csp,2005-01-01 07:00:00,monetary,0.0
region1-2,csp,2005-01-01 08:00:00,monetary,0.0
region1-2,csp,2005-01-01 09:00:00,monetary,0.0
region1-2,csp,2005-01-01 10:00:00,monetary,0.0
region1-2,csp,2005-01-01 11:00:00,monetary,0.0
region1-2,csp,2005-01-01 12:00:00,monetary,0.0
region1-2,csp,2005-01-01 13:00:00,monetary,0.0
region1-2,csp,2005-01-01 14:00:00,monetary,0.0
region1-2,csp,2005-01-01 15:00:00,monetary,0.0
region1-2,csp,2005-01-01 16:00:00,monetary,0.0
region1-2,csp,2005-01-01 17:00:00,monetary,0.0
region1-2,csp,2005-01-01 18:00:00,monetary,0.0
region1-2,csp,2005-01-01 19:00:00,monetary,0.0
region1-2,csp,2005-01-01 20:00:00,monetary,0.0
region1-2,csp,2005-01-01 21:00:00,monetary,0.0
region1-2,csp,2005-01-01 22:00:00,monetary,0.0
region1-2,csp,2005-01-01 23:00:00,monetary,0.0
region1-2,csp,2005-01-02 00:00:00,monetary,0.0
region1-2,csp,2005-01-02 01:00:00,monetary,0.0
region1-2,csp,2005-01-02 02:00:00,monetary,0.0
region1-2,csp,2005-01-02 03:00:00,monetary,0.0
region1-2,csp,2005-01-02 04:00:00,monetary,0.0
region1-2,csp,2005-01-02 05:00:00,monetary,0.0
region1-2,csp,2005-01-02 06:00:00,monetary,0.0
region1-2,csp,2005-01-02 07:00:00,monetary,0.0
region1-2,csp,2005-01-02 08:00:00,monetary,0.0
region1-2,csp,2005-01-02 09:00:00,monetary,0.0
region1-2,csp,2005-01-02 10:00:00,monetary,0.0
region1-2,csp,2005-01-02 11:00:00,monetary,0.0
region1-2,csp,2005-01-02 12:00:00,monetary,0.0
region1-2,csp,2005-01-02 13:00:00,monetary,0.0
region1-2,csp,2005-01-02 14:00:00,monetary,0.0
region1-2,csp,2005-01-02 15:00:00,monetary,0.0
region1-2,csp,2005-01-02 16:00:00,monetary,0.0
region1-2,csp,2005-01-02 17:00:00,monetary,0.0
region1-2,csp,2005-01-02 18:00:00,monetary,0.0
region1-2,csp,2005-01-02 19:00:00,monetary,0.0
region1-2,csp,2005-01-02 20:00:00,monetary,0.0
region1-2,csp,2005-01-02 21:00:00,monetary,0.0
region1-2,csp,2005-01-02 22:00:00,monetary,0.0
region1-2,csp,2005-01-02 23:00:00,monetary,0.0
region1-2,csp,2005-01-03 00:00:00,monetary,0.0
region1-2,csp,2005-01-03 01:00:00,monetary,0.0
region1-2,csp,2005-01-03 02:00:00,monetary,0.0
region1-2,csp,2005-01-03 03:00:00,monetary,0.0
region1-2,csp,2005-01-03 04:00:00,monetary,0.0
region1-2,csp,2005-01-03 05:00:00,monetary,0.0
region1-2,csp,2005-01-03 06:00:00,monetary,0.0
region1-2,csp,2005-01-03 07:00:00,monetary,0.0
region1-2,csp,2005-01-03 08:00:00,monetary,0.0
region1-2,csp,2005-01-03 09:00:00,monetary,0.0
region1-2,csp,2005-01-03 10:00:00,monetary,0.0
region1-2,csp,2005-01-03 11:00:00,monetary,0.0
region1-2,csp,2005-01-03 12:00:00,monetary,0.0
region1-2,csp,2005-01-03 13:00:00,monetary,0.0
region1-2,csp,2005-01-03 14:00:00,monetary,0.0
region1-2,csp,2005-01-03 15:00:00,monetary,0.0
region1-2,csp,2005-01-03 16:00:00,monetary,0.0
region1-2,csp,2005-01-03 17:00:00,monetary,0.0
region1-2,csp,2005-01-03 18:00:00,monetary,0.0
region1-2,csp,2005-01-03 19:00:00,monetary,0.0
region1-2,csp,2005-01-03 20:00:00,monetary,0.0
region1-2,csp,2005-01-03 21:00:00,monetary,0.0
region1-2,csp,2005-01-03 22:00:00,monetary,0.0
region1-2,csp,2005-01-03 23:00:00,monetary,0.0
region1-2,csp,2005-01-04 00:00:00,monetary,0.0
region1-2,csp,2005-01-04 01:00:00,monetary,0.0
region1-2,csp,2005-01-04 02:00:00,monetary,0.0
region1-2,csp,2005-01-04 03:00:00,monetary,0.0
region1-2,csp,2005-01-04 04:00:00,monetary,0.0
region1-2,csp,2005-01-04 05:00:00,monetary,0.0
region1-2,csp,2005-01-04 06:00:00,monetary,0.0
region1-2,csp,2005-01-04 07:00:00,monetary,0.0
region1-2,csp,2005-01-04 08:00:00,monetary,0.0
region1-2,csp,2005-01-04 09:00:00,monetary,0.0
region1-2,csp,2005-01-04 10:00:00,monetary,0.0
region1-2,csp,2005-01-04 11:00:00,monetary,0.0
region1-2,csp,2005-01-04 12:00:00,monetary,0.0
region1-2,csp,2005-01-04 13:00:00,monetary,0.0
region1-2,csp,2005-01-04 14:00:00,monetary,0.0
region1-2,csp,2005-01-04 15:00:00,monetary,0.0
region1-2,csp,2005-01-04 16:00:00,monetary,0.0
region1-2,csp,2005-01-04 17:00:00,monetary,0.0
region1-2,csp,2005-01-04 18:00:00,monetary,0.0
region1-2,csp,2005-01-04 19:00:00,monetary,0.0
region1-2,csp,2005-01-04 20:00:00,monetary,0.0
region1-2,csp,2005-01-04 21:00:00,monetary,0.0
region1-2,csp,2005-01-04 22:00:00,monetary,0.0
region1-2,csp,2005-01-04 23:00:00,monetary,0.0
region1-2,csp,2005-01-05 00:00:00,monetary,0.0
region1-2,csp,2005-01-05 01:00:00,monetary,0.0
region1-2,csp,2005-01-05 02:00:00,monetary,0.0
region1-2,csp,2005-01-05 03:00:00,monetary,0.0
region1-2,csp,2005-01-05 04:00:00,monetary,0.0
region1-2,csp,2005-01-05 05:00:00,monetary,0.0
region1-2,csp,2005-01-05 06:00:00,monetary,0.0
region1-2,csp,2005-01-05 07:00:00,monetary,0.0
region1-2,csp,2005-01-05 08:00:00,monetary,0.0
region1-2,csp,2005-01-05 09:00:00,monetary,0.0
region1-2,csp,2005-01-05 10:00:00,monetary,0.0
region1-2,csp,2005-01-05 11:00:00,monetary,0.0
region1-2,csp,2005-01-05 12:00:00,monetary,0.0
region1-2,csp,2005-01-05 13:00:00,monetary,0.0
region1-2,csp,2005-01-05 14:00:00,monetary,0.0
region1-2,csp,2005-01-05 15:00:00,monetary,0.0
region1-2,csp,2005-01-05 16:00:00,monetary,0.0
region1-2,csp,2005-01-05 17:00:00,monetary,0.0
region1-2,csp,2005-01-05 18:00:00,monetary,0.0
region1-2,csp,2005-01-05 19:00:00,monetary,0.0
region1-2,csp,2005-01-05 20:00:00,monetary,0.0
region1-2,csp,2005-01-05 21:00:00,monetary,0.0
region1-2,csp,2005-01-05 22:00:00,monetary,0.0
region1-2,csp,2005-01-05 23:00:00,monetary,0.0
region1-2,free_transmission:region1,2005-01-01 00:00:00,monetary,0.0
region1-2,free_transmission:region1,2005-01-01 01:00:00,monetary,0.0
region1-2,free_transmission:region1,2005-01-01 02:00:00,monetary,0.0
region1-2,free_transmission:region1,2005-01-01 03:00:00,monetary,0.0
region1-2,free_transmission:region1,2005-01-01 04:00:00,monetary,0.0
region1-2,free_transmission:region1,2005-01-01 05:00:00,monetary,0.0
region1-2,free_transmission:region1,2005-01-01 06:00:00,monetary,0.0
region1-2,free_transmission:region1,2005-01-01 07:00:00,monetary,0.0
region1-2,free_transmission:region1,2005-01-01 08:00:00,monetary,0.0
region1-2,free_transmission:region1,2005-01-01 09:00:00,monetary,0.0
region1-2,free_transmission:region1,2005-01-01 10:00:00,monetary,0.0
region1-2,free_transmission:region1,2005-01-01 11:00:00,monetary,0.0
region1-2,free_transmission:region1,2005-01-01 12:00:00,monetary,0.0
region1-2,free_transmission:region1,2005-01-01 13:00:00,monetary,0.0
region1-2,free_transmission:region1,2005-01-01 14:00:00,monetary,0.0
region1-2,free_transmission:region1,2005-01-01 15:00:00,monetary,0.0
region1-2,free_transmission:region1,2005-01-01 16:00:00,monetary,0.0
region1-2,free_transmission:region1,2005-01-01 17:00:00,monetary,0.0
region1-2,free_transmission:region1,2005-01-01 18:00:00,monetary,0.0
region1-2,free_transmission:region1,2005-01-01 19:00:00,monetary,0.0
region1-2,free_transmission:region1,2005-01-01 20:00:00,monetary,0.0
region1-2,free_transmission:region1,2005-01-01 21:00:00,monetary,0.0
region1-2,free_transmission:region1,2005-01-01 22:00:00,monetary,0.0
region1-2,free_transmission:region1,2005-01-01 23:00:00,monetary,0.0
region1-2,free_transmission:region1,2005-01-02 00:00:00,monetary,0.0
region1-2,free_transmission:region1,2005-01-02 01:00:00,monetary,0.0
region1-2,free_transmission:region1,2005-01-02 02:00:00,monetary,0.0
region1-2,free_transmission:region1,2005-01-02 03:00:00,monetary,0.0
region1-2,free_transmission:region1,2005-01-02 04:00:00,monetary,0.0
region1-2,free_transmission:region1,2005-01-02 05:00:00,monetary,0.0
region1-2,free_transmission:region1,2005-01-02 06:00:00,monetary,0.0
region1-2,free_transmission:region1,2005-01-02 07:00:00,monetary,0.0
region1-2,free_transmission:region1,2005-01-02 08:00:00,monetary,0.0
region1-2,free_transmission:region1,2005-01-02 09:00:00,monetary,0.0
region1-2,free_transmission:region1,2005-01-02 10:00:00,monetary,0.0
region1-2,free_transmission:region1,2005-01-02 11:00:00,monetary,0.0
region1-2,free_transmission:region1,2005-01-02 12:00:00,monetary,0.0
region1-2,free_transmission:region1,2005-01-02 13:00:00,monetary,0.0
region1-2,free_transmission:region1,2005-01-02 14:00:00,monetary,0.0
region1-2,free_transmission:region1,2005-01-02 15:00:00,monetary,0.0
region1-2,free_transmission:region1,2005-01-02 16:00:00,monetary,0.0
region1-2,free_transmission:region1,2005-01-02 17:00:00,monetary,0.0
region1-2,free_transmission:region1,2005-01-02 18:00:00,monetary,0.0
region1-2,free_transmission:region1,2005-01-02 19:00:00,monetary,0.0
region1-2,free_transmission:region1,2005-01-02 20:00:00,monetary,0.0
region1-2,free_transmission:region1,2005-01-02 21:00:00,monetary,0.0
region1-2,free_transmission:region1,2005-01-02 22:00:00,monetary,0.0
region1-2,free_transmission:region1,2005-01-02 23:00:00,monetary,0.0
region1-2,free_transmission:region1,2005-01-03 00:00:00,monetary,0.0
region1-2,free_transmission:region1,2005-01-03 01:00:00,monetary,0.0
region1-2,free_transmission:region1,2005-01-03 02:00:00,monetary,0.0
region1-2,free_transmission:region1,2005-01-03 03:00:00,monetary,0.0
region1-2,free_transmission:region1,2005-01-03 04:00:00,monetary,0.0
region1-2,free_transmission:region1,2005-01-03 05:00:00,monetary,0.0
region1-2,free_transmission:region1,2005-01-03 06:00:00,monetary,0.0
region1-2,free_transmission:region1,2005-01-03 07:00:00,monetary,0.0
region1-2,free_transmission:region1,2005-01-03 08:00:00,monetary,0.0
region1-2,free_transmission:region1,2005-01-03 09:00:00,monetary,0.0
region1-2,free_transmission:region1,2005-01-03 10:00:00,monetary,0.0
region1-2,free_transmission:region1,2005-01-03 11:00:00,monetary,0.0
region1-2,free_transmission:region1,2005-01-03 12:00:00,monetary,0.0
region1-2,free_transmission:region1,2005-01-03 13:00:00,monetary,0.0
region1-2,free_transmission:region1,2005-01-03 14:00:00,monetary,0.0
region1-2,free_transmission:region1,2005-01-03 15:00:00,monetary,0.0
region1-2,free_transmission:region1,2005-01-03 16:00:00,monetary,0.0
region1-2,free_transmission:region1,2005-01-03 17:00:00,monetary,0.0
region1-2,free_transmission:region1,2005-01-03 18:00:00,monetary,0.0
region1-2,free_transmission:region1,2005-01-03 19:00:00,monetary,0.0
region1-2,free_transmission:region1,2005-01-03 20:00:00,monetary,0.0
region1-2,free_transmission:region1,2005-01-03 21:00:00,monetary,0.0
region1-2,free_transmission:region1,2005-01-03 22:00:00,monetary,0.0
region1-2,free_transmission:region1,2005-01-03 23:00:00,monetary,0.0
region1-2,free_transmission:region1,2005-01-04 00:00:00,monetary,0.0
region1-2,free_transmission:region1,2005-01-04 01:00:00,monetary,0.0
region1-2,free_transmission:region1,2005-01-04 02:00:00,monetary,0.0
region1-2,free_transmission:region1,2005-01-04 03:00:00,monetary,0.0
region1-2,free_transmission:region1,2005-01-04 04:00:00,monetary,0.0
region1-2,free_transmission:region1,2005-01-04 05:00:00,monetary,0.0
region1-2,free_transmission:region1,2005-01-04 06:00:00,monetary,0.0
region1-2,free_transmission:region1,2005-01-04 07:00:00,monetary,0.0
region1-2,free_transmission:region1,2005-01-04 08:00:00,monetary,0.0
region1-2,free_transmission:region1,2005-01-04 09:00:00,monetary,0.0
region1-2,free_transmission:region1,2005-01-04 10:00:00,monetary,0.0
region1-2,free_transmission:region1,2005-01-04 11:00:00,monetary,0.0
region1-2,free_transmission:region1,2005-01-04 12:00:00,monetary,0.0
region1-2,free_transmission:region1,2005-01-04 13:00:00,monetary,0.0
region1-2,free_transmission:region1,2005-01-04 14:00:00,monetary,0.0
region1-2,free_transmission:region1,2005-01-04 15:00:00,monetary,0.0
region1-2,free_transmission:region1,2005-01-04 16:00:00,monetary,0.0
region1-2,free_transmission:region1,2005-01-04 17:00:00,monetary,0.0
region1-2,free_transmission:region1,2005-01-04 18:00:00,monetary,0.0
region1-2,free_transmission:region1,2005-01-04 19:00:00,monetary,0.0
region1-2,free_transmission:region1,2005-01-04 20:00:00,monetary,0.0
region1-2,free_transmission:region1,2005-01-04 21:00:00,monetary,0.0
region1-2,free_transmission:region1,2005-01-04 22:00:00,monetary,0.0
region1-2,free_transmission:region1,2005-01-04 23:00:00,monetary,0.0
region1-2,free_transmission:region1,2005-01-05 00:00:00,monetary,0.0
region1-2,free_transmission:region1,2005-01-05 01:00:00,monetary,0.0
region1-2,free_transmission:region1,2005-01-05 02:00:00,monetary,0.0
region1-2,free_transmission:region1,2005-01-05 03:00:00,monetary,0.0
region1-2,free_transmission:region1,2005-01-05 04:00:00,monetary,0.0
region1-2,free_transmission:region1,2005-01-05 05:00:00,monetary,0.0
region1-2,free_transmission:region1,2005-01-05 06:00:00,monetary,0.0
region1-2,free_transmission:region1,2005-01-05 07:00:00,monetary,0.0
region1-2,free_transmission:region1,2005-01-05 08:00:00,monetary,0.0
region1-2,free_transmission:region1,2005-01-05 09:00:00,monetary,0.0
region1-2,free_transmission:region1,2005-01-05 10:00:00,monetary,0.0
region1-2,free_transmission:region1,2005-01-05 11:00:00,monetary,0.0
region1-2,free_transmission:region1,2005-01-05 12:00:00,monetary,0.0
region1-2,free_transmission:region1,2005-01-05 13:00:00,monetary,0.0
region1-2,free_transmission:region1,2005-01-05 14:00:00,monetary,0.0
region1-2,free_transmission:region1,2005-01-05 15:00:00,monetary,0.0
region1-2,free_transmission:region1,2005-01-05 16:00:00,monetary,0.0
region1-2,free_transmission:region1,2005-01-05 17:00:00,monetary,0.0
region1-2,free_transmission:region1,2005-01-05 18:00:00,monetary,0.0
region1-2,free_transmission:region1,2005-01-05 19:00:00,monetary,0.0
region1-2,free_transmission:region1,2005-01-05 20:00:00,monetary,0.0
region1-2,free_transmission:region1,2005-01-05 21:00:00,monetary,0.0
region1-2,free_transmission:region1,2005-01-05 22:00:00,monetary,0.0
region1-2,free_transmission:region1,2005-01-05 23:00:00,monetary,0.0
region1-3,csp,2005-01-01 00:00:00,monetary,0.0
region1-3,csp,2005-01-01 01:00:00,monetary,0.0
region1-3,csp,2005-01-01 02:00:00,monetary,0.0
region1-3,csp,2005-01-01 03:00:00,monetary,0.0
region1-3,csp,2005-01-01 04:00:00,monetary,0.0
region1-3,csp,2005-01-01 05:00:00,monetary,0.0
region1-3,csp,2005-01-01 06:00:00,monetary,0.0
region1-3,csp,2005-01-01 07:00:00,monetary,0.0
region1-3,csp,2005-01-01 08:00:00,monetary,0.0
region1-3,csp,2005-01-01 09:00:00,monetary,0.0
region1-3,csp,2005-01-01 10:00:00,monetary,0.0
region1-3,csp,2005-01-01 11:00:00,monetary,0.0
region1-3,csp,2005-01-01 12:00:00,monetary,0.0
region1-3,csp,2005-01-01 13:00:00,monetary,0.0
region1-3,csp,2005-01-01 14:00:00,monetary,0.0
region1-3,csp,2005-01-01 15:00:00,monetary,0.0
region1-3,csp,2005-01-01 16:00:00,monetary,0.0
region1-3,csp,2005-01-01 17:00:00,monetary,0.0
region1-3,csp,2005-01-01 18:00:00,monetary,0.0
region1-3,csp,2005-01-01 19:00:00,monetary,0.0
region1-3,csp,2005-01-01 20:00:00,monetary,0.0
region1-3,csp,2005-01-01 21:00:00,monetary,0.0
region1-3,csp,2005-01-01 22:00:00,monetary,0.0
region1-3,csp,2005-01-01 23:00:00,monetary,0.0
region1-3,csp,2005-01-02 00:00:00,monetary,0.0
region1-3,csp,2005-01-02 01:00:00,monetary,0.0
region1-3,csp,2005-01-02 02:00:00,monetary,0.0
region1-3,csp,2005-01-02 03:00:00,monetary,0.0
region1-3,csp,2005-01-02 04:00:00,monetary,0.0
region1-3,csp,2005-01-02 05:00:00,monetary,0.0
region1-3,csp,2005-01-02 06:00:00,monetary,0.0
region1-3,csp,2005-01-02 07:00:00,monetary,0.0
region1-3,csp,2005-01-02 08:00:00,monetary,0.0
region1-3,csp,2005-01-02 09:00:00,monetary,0.0
region1-3,csp,2005-01-02 10:00:00,monetary,0.0
region1-3,csp,2005-01-02 11:00:00,monetary,0.0
region1-3,csp,2005-01-02 12:00:00,monetary,0.0
region1-3,csp,2005-01-02 13:00:00,monetary,0.0
region1-3,csp,2005-01-02 14:00:00,monetary,0.0
region1-3,csp,2005-01-02 15:00:00,monetary,0.0
region1-3,csp,2005-01-02 16:00:00,monetary,0.132579764705878
region1-3,csp,2005-01-02 17:00:00,monetary,0.0733308235294212
region1-3,csp,2005-01-02 18:00:00,monetary,0.0
region1-3,csp,2005-01-02 19:00:00,monetary,0.0
region1-3,csp,2005-01-02 20:00:00,monetary,0.0
region1-3,csp,2005-01-02 21:00:00,monetary,0.0
region1-3,csp,2005-01-02 22:00:00,monetary,0.0
region1-3,csp,2005-01-02 23:00:00,monetary,0.0
region1-3,csp,2005-01-03 00:00:00,monetary,0.0
region1-3,csp,2005-01-03 01:00:00,monetary,0.0
region1-3,csp,2005-01-03 02:00:00,monetary,0.0
region1-3,csp,2005-01-03 03:00:00,monetary,0.0
region1-3,csp,2005-01-03 04:00:00,monetary,0.0
region1-3,csp,2005-01-03 05:00:00,monetary,0.0
region1-3,csp,2005-01-03 06:00:00,monetary,0.0
region1-3,csp,2005-01-03 07:00:00,monetary,0.0
region1-3,csp,2005-01-03 08:00:00,monetary,0.0
region1-3,csp,2005-01-03 09:00:00,monetary,0.0
region1-3,csp,2005-01-03 10:00:00,monetary,0.0
region1-3,csp,2005-01-03 11:00:00,monetary,0.0
region1-3,csp,2005-01-03 12:00:00,monetary,0.0
region1-3,csp,2005-01-03 13:00:00,monetary,0.0
region1-3,csp,2005-01-03 14:00:00,monetary,0.0
region1-3,csp,2005-01-03 15:00:00,monetary,0.434514823529421
region1-3,csp,2005-01-03 16:00:00,monetary,3.42861176470589
region1-3,csp,2005-01-03 17:00:00,monetary,2.80216282352942
region1-3,csp,2005-01-03 18:00:00,monetary,0.0
region1-3,csp,2005-01-03 19:00:00,monetary,0.0
region1-3,csp,2005-01-03 20:00:00,monetary,0.0
region1-3,csp,2005-01-03 21:00:00,monetary,0.0
region1-3,csp,2005-01-03 22:00:00,monetary,0.0
region1-3,csp,2005-01-03 23:00:00,monetary,0.0
region1-3,csp,2005-01-04 00:00:00,monetary,0.0
region1-3,csp,2005-01-04 01:00:00,monetary,0.0
region1-3,csp,2005-01-04 02:00:00,monetary,0.0
region1-3,csp,2005-01-04 03:00:00,monetary,0.0
region1-3,csp,2005-01-04 04:00:00,monetary,0.0
region1-3,csp,2005-01-04 05:00:00,monetary,0.0
region1-3,csp,2005-01-04 06:00:00,monetary,0.0
region1-3,csp,2005-01-04 07:00:00,monetary,0.0
region1-3,csp,2005-01-04 08:00:00,monetary,0.0
region1-3,csp,2005-01-04 09:00:00,monetary,0.0
region1-3,csp,2005-01-04 10:00:00,monetary,0.0
region1-3,csp,2005-01-04 11:00:00,monetary,0.0
region1-3,csp,2005-01-04 12:00:00,monetary,0.0
region1-3,csp,2005-01-04 13:00:00,monetary,0.0
region1-3,csp,2005-01-04 14:00:00,monetary,0.0
region1-3,csp,2005-01-04 15:00:00,monetary,1.32462682352941
region1-3,csp,2005-01-04 16:00:00,monetary,4.41766776470588
region1-3,csp,2005-01-04 17:00:00,monetary,3.86734682352941
region1-3,csp,2005-01-04 18:00:00,monetary,0.32251764705882
region1-3,csp,2005-01-04 19:00:00,monetary,0.0
region1-3,csp,2005-01-04 20:00:00,monetary,0.0
region1-3,csp,2005-01-04 21:00:00,monetary,0.0
region1-3,csp,2005-01-04 22:00:00,monetary,0.0
region1-3,csp,2005-01-04 23:00:00,monetary,0.0
region1-3,csp,2005-01-05 00:00:00,monetary,0.0
region1-3,csp,2005-01-05 01:00:00,monetary,0.0
region1-3,csp,2005-01-05 02:00:00,monetary,0.0
region1-3,csp,2005-01-05 03:00:00,monetary,0.0
region1-3,csp,2005-01-05 04:00:00,monetary,0.0
region1-3,csp,2005-01-05 05:00:00,monetary,0.0
region1-3,csp,2005-01-05 06:00:00,monetary,0.0
region1-3,csp,2005-01-05 07:00:00,monetary,0.0
region1-3,csp,2005-01-05 08:00:00,monetary,0.0
region1-3,csp,2005-01-05 09:00:00,monetary,0.0
region1-3,csp,2005-01-05 10:00:00,monetary,0.0
region1-3,csp,2005-01-05 11:00:00,monetary,0.0
region1-3,csp,2005-01-05 12:00:00,monetary,0.0
region1-3,csp,2005-01-05 13:00:00,monetary,0.0
region1-3,csp,2005-01-05 14:00:00,monetary,0.0
region1-3,csp,2005-01-05 15:00:00,monetary,1.83921882352942
region1-3,csp,2005-01-05 16:00:00,monetary,4.56077176470588
region1-3,csp,2005-01-05 17:00:00,monetary,3.65931482352942
region1-3,csp,2005-01-05 18:00:00,monetary,0.186037647058827
region1-3,csp,2005-01-05 19:00:00,monetary,0.0
region1-3,csp,2005-01-05 20:00:00,monetary,0.0
region1-3,csp,2005-01-05 21:00:00,monetary,0.0
region1-3,csp,2005-01-05 22:00:00,monetary,0.0
region1-3,csp,2005-01-05 23:00:00,monetary,0.0
region1-3,free_transmission:region1,2005-01-01 00:00:00,monetary,0.0
region1-3,free_transmission:region1,2005-01-01 01:00:00,monetary,0.0
region1-3,free_transmission:region1,2005-01-01 02:00:00,monetary,0.0
region1-3,free_transmission:region1,2005-01-01 03:00:00,monetary,0.0
region1-3,free_transmission:region1,2005-01-01 04:00:00,monetary,0.0
region1-3,free_transmission:region1,2005-01-01 05:00:00,monetary,0.0
region1-3,free_transmission:region1,2005-01-01 06:00:00,monetary,0.0
region1-3,free_transmission:region1,2005-01-01 07:00:00,monetary,0.0
region1-3,free_transmission:region1,2005-01-01 08:00:00,monetary,0.0
region1-3,free_transmission:region1,2005-01-01 09:00:00,monetary,0.0
region1-3,free_transmission:region1,2005-01-01 10:00:00,monetary,0.0
region1-3,free_transmission:region1,2005-01-01 11:00:00,monetary,0.0
region1-3,free_transmission:region1,2005-01-01 12:00:00,monetary,0.0
region1-3,free_transmission:region1,2005-01-01 13:00:00,monetary,0.0
region1-3,free_transmission:region1,2005-01-01 14:00:00,monetary,0.0
region1-3,free_transmission:region1,2005-01-01 15:00:00,monetary,0.0
region1-3,free_transmission:region1,2005-01-01 16:00:00,monetary,0.0
region1-3,free_transmission:region1,2005-01-01 17:00:00,monetary,0.0
region1-3,free_transmission:region1,2005-01-01 18:00:00,monetary,0.0
region1-3,free_transmission:region1,2005-01-01 19:00:00,monetary,0.0
region1-3,free_transmission:region1,2005-01-01 20:00:00,monetary,0.0
region1-3,free_transmission:region1,2005-01-01 21:00:00,monetary,0.0
region1-3,free_transmission:region1,2005-01-01 22:00:00,monetary,0.0
region1-3,free_transmission:region1,2005-01-01 23:00:00,monetary,0.0
region1-3,free_transmission:region1,2005-01-02 00:00:00,monetary,0.0
region1-3,free_transmission:region1,2005-01-02 01:00:00,monetary,0.0
region1-3,free_transmission:region1,2005-01-02 02:00:00,monetary,0.0
region1-3,free_transmission:region1,2005-01-02 03:00:00,monetary,0.0
region1-3,free_transmission:region1,2005-01-02 04:00:00,monetary,0.0
region1-3,free_transmission:region1,2005-01-02 05:00:00,monetary,0.0
region1-3,free_transmission:region1,2005-01-02 06:00:00,monetary,0.0
region1-3,free_transmission:region1,2005-01-02 07:00:00,monetary,0.0
region1-3,free_transmission:region1,2005-01-02 08:00:00,monetary,0.0
region1-3,free_transmission:region1,2005-01-02 09:00:00,monetary,0.0
region1-3,free_transmission:region1,2005-01-02 10:00:00,monetary,0.0
region1-3,free_transmission:region1,2005-01-02 11:00:00,monetary,0.0
region1-3,free_transmission:region1,2005-01-02 12:00:00,monetary,0.0
region1-3,free_transmission:region1,2005-01-02 13:00:00,monetary,0.0
region1-3,free_transmission:region1,2005-01-02 14:00:00,monetary,0.0
region1-3,free_transmission:region1,2005-01-02 15:00:00,monetary,0.0
region1-3,free_transmission:region1,2005-01-02 16:00:00,monetary,0.0
region1-3,free_transmission:region1,2005-01-02 17:00:00,monetary,0.0
region1-3,free_transmission:region1,2005-01-02 18:00:00,monetary,0.0
region1-3,free_transmission:region1,2005-01-02 19:00:00,monetary,0.0
region1-3,free_transmission:region1,2005-01-02 20:00:00,monetary,0.0
region1-3,free_transmission:region1,2005-01-02 21:00:00,monetary,0.0
region1-3,free_transmission:region1,2005-01-02 22:00:00,monetary,0.0
region1-3,free_transmission:region1,2005-01-02 23:00:00,monetary,0.0
region1-3,free_transmission:region1,2005-01-03 00:00:00,monetary,0.0
region1-3,free_transmission:region1,2005-01-03 01:00:00,monetary,0.0
region1-3,free_transmission:region1,2005-01-03 02:00:00,monetary,0.0
region1-3,free_transmission:region1,2005-01-03 03:00:00,monetary,0.0
region1-3,free_transmission:region1,2005-01-03 04:00:00,monetary,0.0
region1-3,free_transmission:region1,2005-01-03 05:00:00,monetary,0.0
region1-3,free_transmission:region1,2005-01-03 06:00:00,monetary,0.0
region1-3,free_transmission:region1,2005-01-03 07:00:00,monetary,0.0
region1-3,free_transmission:region1,2005-01-03 08:00:00,monetary,0.0
region1-3,free_transmission:region1,2005-01-03 09:00:00,monetary,0.0
region1-3,free_transmission:region1,2005-01-03 10:00:00,monetary,0.0
region1-3,free_transmission:region1,2005-01-03 11:00:00,monetary,0.0
region1-3,free_transmission:region1,2005-01-03 12:00:00,monetary,0.0
region1-3,free_transmission:region1,2005-01-03 13:00:00,monetary,0.0
region1-3,free_transmission:region1,2005-01-03 14:00:00,monetary,0.0
region1-3,free_transmission:region1,2005-01-03 15:00:00,monetary,0.0
region1-3,free_transmission:region1,2005-01-03 16:00:00,monetary,0.0
region1-3,free_transmission:region1,2005-01-03 17:00:00,monetary,0.0
region1-3,free_transmission:region1,2005-01-03 18:00:00,monetary,0.0
region1-3,free_transmission:region1,2005-01-03 19:00:00,monetary,0.0
region1-3,free_transmission:region1,2005-01-03 20:00:00,monetary,0.0
region1-3,free_transmission:region1,2005-01-03 21:00:00,monetary,0.0
region1-3,free_transmission:region1,2005-01-03 22:00:00,monetary,0.0
region1-3,free_transmission:region1,2005-01-03 23:00:00,monetary,0.0
region1-3,free_transmission:region1,2005-01-04 00:00:00,monetary,0.0
region1-3,free_transmission:region1,2005-01-04 01:00:00,monetary,0.0
region1-3,free_transmission:region1,2005-01-04 02:00:00,monetary,0.0
region1-3,free_transmission:region1,2005-01-04 03:00:00,monetary,0.0
region1-3,free_transmission:region1,2005-01-04 04:00:00,monetary,0.0
region1-3,free_transmission:region1,2005-01-04 05:00:00,monetary,0.0
region1-3,free_transmission:region1,2005-01-04 06:00:00,monetary,0.0
region1-3,free_transmission:region1,2005-01-04 07:00:00,monetary,0.0
region1-3,free_transmission:region1,2005-01-04 08:00:00,monetary,0.0
region1-3,free_transmission:region1,2005-01-04 09:00:00,monetary,0.0
region1-3,free_transmission:region1,2005-01-04 10:00:00,monetary,0.0
region1-3,free_transmission:region1,2005-01-04 11:00:00,monetary,0.0
region1-3,free_transmission:region1,2005-01-04 12:00:00,monetary,0.0
region1-3,free_transmission:region1,2005-01-04 13:00:00,monetary,0.0
region1-3,free_transmission:region1,2005-01-04 14:00:00,monetary,0.0
region1-3,free_transmission:region1,2005-01-04 15:00:00,monetary,0.0
region1-3,free_transmission:region1,2005-01-04 16:00:00,monetary,0.0
region1-3,free_transmission:region1,2005-01-04 17:00:00,monetary,0.0
region1-3,free_transmission:region1,2005-01-04 18:00:00,monetary,0.0
region1-3,free_transmission:region1,2005-01-04 19:00:00,monetary,0.0
region1-3,free_transmission:region1,2005-01-04 20:00:00,monetary,0.0
region1-3,free_transmission:region1,2005-01-04 21:00:00,monetary,0.0
region1-3,free_transmission:region1,2005-01-04 22:00:00,monetary,0.0
region1-3,free_transmission:region1,2005-01-04 23:00:00,monetary,0.0
region1-3,free_transmission:region1,2005-01-05 00:00:00,monetary,0.0
region1-3,free_transmission:region1,2005-01-05 01:00:00,monetary,0.0
region1-3,free_transmission:region1,2005-01-05 02:00:00,monetary,0.0
region1-3,free_transmission:region1,2005-01-05 03:00:00,monetary,0.0
region1-3,free_transmission:region1,2005-01-05 04:00:00,monetary,0.0
region1-3,free_transmission:region1,2005-01-05 05:00:00,monetary,0.0
region1-3,free_transmission:region1,2005-01-05 06:00:00,monetary,0.0
region1-3,free_transmission:region1,2005-01-05 07:00:00,monetary,0.0
region1-3,free_transmission:region1,2005-01-05 08:00:00,monetary,0.0
region1-3,free_transmission:region1,2005-01-05 09:00:00,monetary,0.0
region1-3,free_transmission:region1,2005-01-05 10:00:00,monetary,0.0
region1-3,free_transmission:region1,2005-01-05 11:00:00,monetary,0.0
region1-3,free_transmission:region1,2005-01-05 12:00:00,monetary,0.0
region1-3,free_transmission:region1,2005-01-05 13:00:00,monetary,0.0
region1-3,free_transmission:region1,2005-01-05 14:00:00,monetary,0.0
region1-3,free_transmission:region1,2005-01-05 15:00:00,monetary,0.0
region1-3,free_transmission:region1,2005-01-05 16:00:00,monetary,0.0
region1-3,free_transmission:region1,2005-01-05 17:00:00,monetary,0.0
region1-3,free_transmission:region1,2005-01-05 18:00:00,monetary,0.0
region1-3,free_transmission:region1,2005-01-05 19:00:00,monetary,0.0
region1-3,free_transmission:region1,2005-01-05 20:00:00,monetary,0.0
region1-3,free_transmission:region1,2005-01-05 21:00:00,monetary,0.0
region1-3,free_transmission:region1,2005-01-05 22:00:00,monetary,0.0
region1-3,free_transmission:region1,2005-01-05 23:00:00,monetary,0.0
region1,ac_transmission:region2,2005-01-01 00:00:00,monetary,0.0
region1,ac_transmission:region2,2005-01-01 01:00:00,monetary,0.0
region1,ac_transmission:region2,2005-01-01 02:00:00,monetary,0.0
region1,ac_transmission:region2,2005-01-01 03:00:00,monetary,0.0
region1,ac_transmission:region2,2005-01-01 04:00:00,monetary,0.0
region1,ac_transmission:region2,2005-01-01 05:00:00,monetary,0.0
region1,ac_transmission:region2,2005-01-01 06:00:00,monetary,0.0
region1,ac_transmission:region2,2005-01-01 07:00:00,monetary,0.0
region1,ac_transmission:region2,2005-01-01 08:00:00,monetary,0.0
region1,ac_transmission:region2,2005-01-01 09:00:00,monetary,0.0
region1,ac_transmission:region2,2005-01-01 10:00:00,monetary,0.0
region1,ac_transmission:region2,2005-01-01 11:00:00,monetary,0.0
region1,ac_transmission:region2,2005-01-01 12:00:00,monetary,0.0
region1,ac_transmission:region2,2005-01-01 13:00:00,monetary,0.0
region1,ac_transmission:region2,2005-01-01 14:00:00,monetary,0.0
region1,ac_transmission:region2,2005-01-01 15:00:00,monetary,0.0
region1,ac_transmission:region2,2005-01-01 16:00:00,monetary,0.0
region1,ac_transmission:region2,2005-01-01 17:00:00,monetary,0.0
region1,ac_transmission:region2,2005-01-01 18:00:00,monetary,0.0
region1,ac_transmission:region2,2005-01-01 19:00:00,monetary,0.0
region1,ac_transmission:region2,2005-01-01 20:00:00,monetary,0.0
region1,ac_transmission:region2,2005-01-01 21:00:00,monetary,0.0
region1,ac_transmission:region2,2005-01-01 22:00:00,monetary,0.0
region1,ac_transmission:region2,2005-01-01 23:00:00,monetary,0.0
region1,ac_transmission:region2,2005-01-02 00:00:00,monetary,0.0
region1,ac_transmission:region2,2005-01-02 01:00:00,monetary,0.0
region1,ac_transmission:region2,2005-01-02 02:00:00,monetary,0.0
region1,ac_transmission:region2,2005-01-02 03:00:00,monetary,0.0
region1,ac_transmission:region2,2005-01-02 04:00:00,monetary,0.0
region1,ac_transmission:region2,2005-01-02 05:00:00,monetary,0.0
region1,ac_transmission:region2,2005-01-02 06:00:00,monetary,0.0
region1,ac_transmission:region2,2005-01-02 07:00:00,monetary,0.0
region1,ac_transmission:region2,2005-01-02 08:00:00,monetary,0.0
region1,ac_transmission:region2,2005-01-02 09:00:00,monetary,0.0
region1,ac_transmission:region2,2005-01-02 10:00:00,monetary,0.0
region1,ac_transmission:region2,2005-01-02 11:00:00,monetary,0.0
region1,ac_transmission:region2,2005-01-02 12:00:00,monetary,0.0
region1,ac_transmission:region2,2005-01-02 13:00:00,monetary,0.0
region1,ac_transmission:region2,2005-01-02 14:00:00,monetary,0.0
region1,ac_transmission:region2,2005-01-02 15:00:00,monetary,0.0
region1,ac_transmission:region2,2005-01-02 16:00:00,monetary,0.0
region1,ac_transmission:region2,2005-01-02 17:00:00,monetary,0.0
region1,ac_transmission:region2,2005-01-02 18:00:00,monetary,0.0
region1,ac_transmission:region2,2005-01-02 19:00:00,monetary,0.0
region1,ac_transmission:region2,2005-01-02 20:00:00,monetary,0.0
region1,ac_transmission:region2,2005-01-02 21:00:00,monetary,0.0
region1,ac_transmission:region2,2005-01-02 22:00:00,monetary,0.0
region1,ac_transmission:region2,2005-01-02 23:00:00,monetary,0.0
region1,ac_transmission:region2,2005-01-03 00:00:00,monetary,0.0
region1,ac_transmission:region2,2005-01-03 01:00:00,monetary,0.0
region1,ac_transmission:region2,2005-01-03 02:00:00,monetary,0.0
region1,ac_transmission:region2,2005-01-03 03:00:00,monetary,0.0
region1,ac_transmission:region2,2005-01-03 04:00:00,monetary,0.0
region1,ac_transmission:region2,2005-01-03 05:00:00,monetary,0.0
region1,ac_transmission:region2,2005-01-03 06:00:00,monetary,0.0
region1,ac_transmission:region2,2005-01-03 07:00:00,monetary,0.0
region1,ac_transmission:region2,2005-01-03 08:00:00,monetary,0.0
region1,ac_transmission:region2,2005-01-03 09:00:00,monetary,0.0
region1,ac_transmission:region2,2005-01-03 10:00:00,monetary,0.0
region1,ac_transmission:region2,2005-01-03 11:00:00,monetary,0.0
region1,ac_transmission:region2,2005-01-03 12:00:00,monetary,0.0
region1,ac_transmission:region2,2005-01-03 13:00:00,monetary,0.0
region1,ac_transmission:region2,2005-01-03 14:00:00,monetary,0.0
region1,ac_transmission:region2,2005-01-03 15:00:00,monetary,0.0
region1,ac_transmission:region2,2005-01-03 16:00:00,monetary,0.0
region1,ac_transmission:region2,2005-01-03 17:00:00,monetary,0.0
region1,ac_transmission:region2,2005-01-03 18:00:00,monetary,0.0
region1,ac_transmission:region2,2005-01-03 19:00:00,monetary,0.0
region1,ac_transmission:region2,2005-01-03 20:00:00,monetary,0.0
region1,ac_transmission:region2,2005-01-03 21:00:00,monetary,0.0
region1,ac_transmission:region2,2005-01-03 22:00:00,monetary,0.0
region1,ac_transmission:region2,2005-01-03 23:00:00,monetary,0.0
region1,ac_transmission:region2,2005-01-04 00:00:00,monetary,0.0
region1,ac_transmission:region2,2005-01-04 01:00:00,monetary,0.0
region1,ac_transmission:region2,2005-01-04 02:00:00,monetary,0.0
region1,ac_transmission:region2,2005-01-04 03:00:00,monetary,0.0
region1,ac_transmission:region2,2005-01-04 04:00:00,monetary,0.0
region1,ac_transmission:region2,2005-01-04 05:00:00,monetary,0.0
region1,ac_transmission:region2,2005-01-04 06:00:00,monetary,0.0
region1,ac_transmission:region2,2005-01-04 07:00:00,monetary,0.0
region1,ac_transmission:region2,2005-01-04 08:00:00,monetary,0.0
region1,ac_transmission:region2,2005-01-04 09:00:00,monetary,0.0
region1,ac_transmission:region2,2005-01-04 10:00:00,monetary,0.0
region1,ac_transmission:region2,2005-01-04 11:00:00,monetary,0.0
region1,ac_transmission:region2,2005-01-04 12:00:00,monetary,0.0
region1,ac_transmission:region2,2005-01-04 13:00:00,monetary,0.0
region1,ac_transmission:region2,2005-01-04 14:00:00,monetary,0.0
region1,ac_transmission:region2,2005-01-04 15:00:00,monetary,0.0
region1,ac_transmission:region2,2005-01-04 16:00:00,monetary,0.0
region1,ac_transmission:region2,2005-01-04 17:00:00,monetary,0.0
region1,ac_transmission:region2,2005-01-04 18:00:00,monetary,0.0
region1,ac_transmission:region2,2005-01-04 19:00:00,monetary,0.0
region1,ac_transmission:region2,2005-01-04 20:00:00,monetary,0.0
region1,ac_transmission:region2,2005-01-04 21:00:00,monetary,0.0
region1,ac_transmission:region2,2005-01-04 22:00:00,monetary,0.0
region1,ac_transmission:region2,2005-01-04 23:00:00,monetary,0.0
region1,ac_transmission:region2,2005-01-05 00:00:00,monetary,0.0
region1,ac_transmission:region2,2005-01-05 01:00:00,monetary,0.0
region1,ac_transmission:region2,2005-01-05 02:00:00,monetary,0.0
region1,ac_transmission:region2,2005-01-05 03:00:00,monetary,0.0
region1,ac_transmission:region2,2005-01-05 04:00:00,monetary,0.0
region1,ac_transmission:region2,2005-01-05 05:00:00,monetary,0.0
region1,ac_transmission:region2,2005-01-05 06:00:00,monetary,0.0
region1,ac_transmission:region2,2005-01-05 07:00:00,monetary,0.0
region1,ac_transmission:region2,2005-01-05 08:00:00,monetary,0.0
region1,ac_transmission:region2,2005-01-05 09:00:00,monetary,0.0
region1,ac_transmission:region2,2005-01-05 10:00:00,monetary,0.0
region1,ac_transmission:region2,2005-01-05 11:00:00,monetary,0.0
region1,ac_transmission:region2,2005-01-05 12:00:00,monetary,0.0
region1,ac_transmission:region2,2005-01-05 13:00:00,monetary,0.0
region1,ac_transmission:region2,2005-01-05 14:00:00,monetary,0.0
region1,ac_transmission:region2,2005-01-05 15:00:00,monetary,0.0
region1,ac_transmission:region2,2005-01-05 16:00:00,monetary,0.0
region1,ac_transmission:region2,2005-01-05 17:00:00,monetary,0.0
region1,ac_transmission:region2,2005-01-05 18:00:00,monetary,0.0
region1,ac_transmission:region2,2005-01-05 19:00:00,monetary,0.0
region1,ac_transmission:region2,2005-01-05 20:00:00,monetary,0.0
region1,ac_transmission:region2,2005-01-05 21:00:00,monetary,0.0
region1,ac_transmission:region2,2005-01-05 22:00:00,monetary,0.0
region1,ac_transmission:region2,2005-01-05 23:00:00,monetary,0.0
region1,ccgt,2005-01-01 00:00:00,monetary,1117.4544
region1,ccgt,2005-01-01 01:00:00,monetary,1075.78691764706
region1,ccgt,2005-01-01 02:00:00,monetary,1047.58689882353
region1,ccgt,2005-01-01 03:00:00,monetary,1025.21091764706
region1,ccgt,2005-01-01 04:00:00,monetary,1027.00197647059
region1,ccgt,2005-01-01 05:00:00,monetary,1049.54917647059
region1,ccgt,2005-01-01 06:00:00,monetary,1078.73534117647
region1,ccgt,2005-01-01 07:00:00,monetary,1078.67610177011
region1,ccgt,2005-01-01 08:00:00,monetary,799.32672
region1,ccgt,2005-01-01 09:00:00,monetary,830.53696
region1,ccgt,2005-01-01 10:00:00,monetary,853.084517647059
region1,ccgt,2005-01-01 11:00:00,monetary,849.281637647059
region1,ccgt,2005-01-01 12:00:00,monetary,853.104357647059
region1,ccgt,2005-01-01 13:00:00,monetary,866.746597647059
region1,ccgt,2005-01-01 14:00:00,monetary,914.138597647059
region1,ccgt,2005-01-01 15:00:00,monetary,975.869797647059
region1,ccgt,2005-01-01 16:00:00,monetary,1033.74371764706
region1,ccgt,2005-01-01 17:00:00,monetary,1047.83011764706
region1,ccgt,2005-01-01 18:00:00,monetary,1014.81059764706
region1,ccgt,2005-01-01 19:00:00,monetary,978.397157647059
region1,ccgt,2005-01-01 20:00:00,monetary,935.843557647059
region1,ccgt,2005-01-01 21:00:00,monetary,869.567077647059
region1,ccgt,2005-01-01 22:00:00,monetary,925.967495187364
region1,ccgt,2005-01-01 23:00:00,monetary,1131.24579764706
region1,ccgt,2005-01-02 00:00:00,monetary,1104.86435764706
region1,ccgt,2005-01-02 01:00:00,monetary,1094.97443764706
region1,ccgt,2005-01-02 02:00:00,monetary,1073.15801018087
region1,ccgt,2005-01-02 03:00:00,monetary,1122.88803764706
region1,ccgt,2005-01-02 04:00:00,monetary,1200.0
region1,ccgt,2005-01-02 05:00:00,monetary,1200.0
region1,ccgt,2005-01-02 06:00:00,monetary,1200.0
region1,ccgt,2005-01-02 07:00:00,monetary,1200.0
region1,ccgt,2005-01-02 08:00:00,monetary,1074.49024
region1,ccgt,2005-01-02 09:00:00,monetary,1098.21824
region1,ccgt,2005-01-02 10:00:00,monetary,1095.20990117647
region1,ccgt,2005-01-02 11:00:00,monetary,1088.01886117647
region1,ccgt,2005-01-02 12:00:00,monetary,1081.22693647059
region1,ccgt,2005-01-02 13:00:00,monetary,1090.97251764706
region1,ccgt,2005-01-02 14:00:00,monetary,1126.99841882353
region1,ccgt,2005-01-02 15:00:00,monetary,1186.48704
region1,ccgt,2005-01-02 16:00:00,monetary,1200.0
region1,ccgt,2005-01-02 17:00:00,monetary,1200.0
region1,ccgt,2005-01-02 18:00:00,monetary,1200.0
region1,ccgt,2005-01-02 19:00:00,monetary,1200.0
region1,ccgt,2005-01-02 20:00:00,monetary,1200.0
region1,ccgt,2005-01-02 21:00:00,monetary,1200.0
region1,ccgt,2005-01-02 22:00:00,monetary,1200.0
region1,ccgt,2005-01-02 23:00:00,monetary,1191.46753882353
region1,ccgt,2005-01-03 00:00:00,monetary,1185.43523764706
region1,ccgt,2005-01-03 01:00:00,monetary,1175.14339764706
region1,ccgt,2005-01-03 02:00:00,monetary,1178.97763764706
region1,ccgt,2005-01-03 03:00:00,monetary,1196.40296076911
region1,ccgt,2005-01-03 04:00:00,monetary,1200.0
region1,ccgt,2005-01-03 05:00:00,monetary,1200.0
region1,ccgt,2005-01-03 06:00:00,monetary,1200.0
region1,ccgt,2005-01-03 07:00:00,monetary,1200.0
region1,ccgt,2005-01-03 08:00:00,monetary,1200.0
region1,ccgt,2005-01-03 09:00:00,monetary,1200.0
region1,ccgt,2005-01-03 10:00:00,monetary,1200.0
region1,ccgt,2005-01-03 11:00:00,monetary,1200.0
region1,ccgt,2005-01-03 12:00:00,monetary,1200.0
region1,ccgt,2005-01-03 13:00:00,monetary,1200.0
region1,ccgt,2005-01-03 14:00:00,monetary,1200.0
region1,ccgt,2005-01-03 15:00:00,monetary,1200.0
region1,ccgt,2005-01-03 16:00:00,monetary,1200.0
region1,ccgt,2005-01-03 17:00:00,monetary,1200.0
region1,ccgt,2005-01-03 18:00:00,monetary,1200.0
region1,ccgt,2005-01-03 19:00:00,monetary,1200.0
region1,ccgt,2005-01-03 20:00:00,monetary,1200.0
region1,ccgt,2005-01-03 21:00:00,monetary,1200.0
region1,ccgt,2005-01-03 22:00:00,monetary,1200.0
region1,ccgt,2005-01-03 23:00:00,monetary,1200.0
region1,ccgt,2005-01-04 00:00:00,monetary,1200.0
region1,ccgt,2005-01-04 01:00:00,monetary,1198.89507764706
region1,ccgt,2005-01-04 02:00:00,monetary,1200.0
region1,ccgt,2005-01-04 03:00:00,monetary,1200.0
region1,ccgt,2005-01-04 04:00:00,monetary,1200.0
region1,ccgt,2005-01-04 05:00:00,monetary,1200.0
region1,ccgt,2005-01-04 06:00:00,monetary,1200.0
region1,ccgt,2005-01-04 07:00:00,monetary,1200.0
region1,ccgt,2005-01-04 08:00:00,monetary,1200.0
region1,ccgt,2005-01-04 09:00:00,monetary,1200.0
region1,ccgt,2005-01-04 10:00:00,monetary,1200.0
region1,ccgt,2005-01-04 11:00:00,monetary,1200.0
region1,ccgt,2005-01-04 12:00:00,monetary,1200.0
region1,ccgt,2005-01-04 13:00:00,monetary,1200.0
region1,ccgt,2005-01-04 14:00:00,monetary,1200.0
region1,ccgt,2005-01-04 15:00:00,monetary,1200.0
region1,ccgt,2005-01-04 16:00:00,monetary,1200.0
region1,ccgt,2005-01-04 17:00:00,monetary,1200.0
region1,ccgt,2005-01-04 18:00:00,monetary,1200.0
region1,ccgt,2005-01-04 19:00:00,monetary,1200.0
region1,ccgt,2005-01-04 20:00:00,monetary,1200.0
region1,ccgt,2005-01-04 21:00:00,monetary,1200.0
region1,ccgt,2005-01-04 22:00:00,monetary,1200.0
region1,ccgt,2005-01-04 23:00:00,monetary,1200.0
region1,ccgt,2005-01-05 00:00:00,monetary,1200.0
region1,ccgt,2005-01-05 01:00:00,monetary,1200.0
region1,ccgt,2005-01-05 02:00:00,monetary,1200.0
region1,ccgt,2005-01-05 03:00:00,monetary,1200.0
region1,ccgt,2005-01-05 04:00:00,monetary,1200.0
region1,ccgt,2005-01-05 05:00:00,monetary,1200.0
region1,ccgt,2005-01-05 06:00:00,monetary,1200.0
region1,ccgt,2005-01-05 07:00:00,monetary,1200.0
region1,ccgt,2005-01-05 08:00:00,monetary,1200.0
region1,ccgt,2005-01-05 09:00:00,monetary,1200.0
region1,ccgt,2005-01-05 10:00:00,monetary,1200.0
region1,ccgt,2005-01-05 11:00:00,monetary,1200.0
region1,ccgt,2005-01-05 12:00:00,monetary,1200.0
region1,ccgt,2005-01-05 13:00:00,monetary,1200.0
region1,ccgt,2005-01-05 14:00:00,monetary,1200.0
region1,ccgt,2005-01-05 15:00:00,monetary,1200.0
region1,ccgt,2005-01-05 16:00:00,monetary,1200.0
region1,ccgt,2005-01-05 17:00:00,monetary,1200.0
region1,ccgt,2005-01-05 18:00:00,monetary,1200.0
region1,ccgt,2005-01-05 19:00:00,monetary,1182.45219764706
region1,ccgt,2005-01-05 20:00:00,monetary,1108.37118117647
region1,ccgt,2005-01-05 21:00:00,monetary,1009.36512
region1,ccgt,2005-01-05 22:00:00,monetary,921.700159999999
region1,ccgt,2005-01-05 23:00:00,monetary,943.95973828782
region1,free_transmission:region1-1,2005-01-01 00:00:00,monetary,0.0
region1,free_transmission:region1-1,2005-01-01 01:00:00,monetary,0.0
region1,free_transmission:region1-1,2005-01-01 02:00:00,monetary,0.0
region1,free_transmission:region1-1,2005-01-01 03:00:00,monetary,0.0
region1,free_transmission:region1-1,2005-01-01 04:00:00,monetary,0.0
region1,free_transmission:region1-1,2005-01-01 05:00:00,monetary,0.0
region1,free_transmission:region1-1,2005-01-01 06:00:00,monetary,0.0
region1,free_transmission:region1-1,2005-01-01 07:00:00,monetary,0.0
region1,free_transmission:region1-1,2005-01-01 08:00:00,monetary,0.0
region1,free_transmission:region1-1,2005-01-01 09:00:00,monetary,0.0
region1,free_transmission:region1-1,2005-01-01 10:00:00,monetary,0.0
region1,free_transmission:region1-1,2005-01-01 11:00:00,monetary,0.0
region1,free_transmission:region1-1,2005-01-01 12:00:00,monetary,0.0
region1,free_transmission:region1-1,2005-01-01 13:00:00,monetary,0.0
region1,free_transmission:region1-1,2005-01-01 14:00:00,monetary,0.0
region1,free_transmission:region1-1,2005-01-01 15:00:00,monetary,0.0
region1,free_transmission:region1-1,2005-01-01 16:00:00,monetary,0.0
region1,free_transmission:region1-1,2005-01-01 17:00:00,monetary,0.0
region1,free_transmission:region1-1,2005-01-01 18:00:00,monetary,0.0
region1,free_transmission:region1-1,2005-01-01 19:00:00,monetary,0.0
region1,free_transmission:region1-1,2005-01-01 20:00:00,monetary,0.0
region1,free_transmission:region1-1,2005-01-01 21:00:00,monetary,0.0
region1,free_transmission:region1-1,2005-01-01 22:00:00,monetary,0.0
region1,free_transmission:region1-1,2005-01-01 23:00:00,monetary,0.0
region1,free_transmission:region1-1,2005-01-02 00:00:00,monetary,0.0
region1,free_transmission:region1-1,2005-01-02 01:00:00,monetary,0.0
region1,free_transmission:region1-1,2005-01-02 02:00:00,monetary,0.0
region1,free_transmission:region1-1,2005-01-02 03:00:00,monetary,0.0
region1,free_transmission:region1-1,2005-01-02 04:00:00,monetary,0.0
region1,free_transmission:region1-1,2005-01-02 05:00:00,monetary,0.0
region1,free_transmission:region1-1,2005-01-02 06:00:00,monetary,0.0
region1,free_transmission:region1-1,2005-01-02 07:00:00,monetary,0.0
region1,free_transmission:region1-1,2005-01-02 08:00:00,monetary,0.0
region1,free_transmission:region1-1,2005-01-02 09:00:00,monetary,0.0
region1,free_transmission:region1-1,2005-01-02 10:00:00,monetary,0.0
region1,free_transmission:region1-1,2005-01-02 11:00:00,monetary,0.0
region1,free_transmission:region1-1,2005-01-02 12:00:00,monetary,0.0
region1,free_transmission:region1-1,2005-01-02 13:00:00,monetary,0.0
region1,free_transmission:region1-1,2005-01-02 14:00:00,monetary,0.0
region1,free_transmission:region1-1,2005-01-02 15:00:00,monetary,0.0
region1,free_transmission:region1-1,2005-01-02 16:00:00,monetary,0.0
region1,free_transmission:region1-1,2005-01-02 17:00:00,monetary,0.0
region1,free_transmission:region1-1,2005-01-02 18:00:00,monetary,0.0
region1,free_transmission:region1-1,2005-01-02 19:00:00,monetary,0.0
region1,free_transmission:region1-1,2005-01-02 20:00:00,monetary,0.0
region1,free_transmission:region1-1,2005-01-02 21:00:00,monetary,0.0
region1,free_transmission:region1-1,2005-01-02 22:00:00,monetary,0.0
region1,free_transmission:region1-1,2005-01-02 23:00:00,monetary,0.0
region1,free_transmission:region1-1,2005-01-03 00:00:00,monetary,0.0
region1,free_transmission:region1-1,2005-01-03 01:00:00,monetary,0.0
region1,free_transmission:region1-1,2005-01-03 02:00:00,monetary,0.0
region1,free_transmission:region1-1,2005-01-03 03:00:00,monetary,0.0
region1,free_transmission:region1-1,2005-01-03 04:00:00,monetary,0.0
region1,free_transmission:region1-1,2005-01-03 05:00:00,monetary,0.0
region1,free_transmission:region1-1,2005-01-03 06:00:00,monetary,0.0
region1,free_transmission:region1-1,2005-01-03 07:00:00,monetary,0.0
region1,free_transmission:region1-1,2005-01-03 08:00:00,monetary,0.0
region1,free_transmission:region1-1,2005-01-03 09:00:00,monetary,0.0
region1,free_transmission:region1-1,2005-01-03 10:00:00,monetary,0.0
region1,free_transmission:region1-1,2005-01-03 11:00:00,monetary,0.0
region1,free_transmission:region1-1,2005-01-03 12:00:00,monetary,0.0
region1,free_transmission:region1-1,2005-01-03 13:00:00,monetary,0.0
region1,free_transmission:region1-1,2005-01-03 14:00:00,monetary,0.0
region1,free_transmission:region1-1,2005-01-03 15:00:00,monetary,0.0
region1,free_transmission:region1-1,2005-01-03 16:00:00,monetary,0.0
region1,free_transmission:region1-1,2005-01-03 17:00:00,monetary,0.0
region1,free_transmission:region1-1,2005-01-03 18:00:00,monetary,0.0
region1,free_transmission:region1-1,2005-01-03 19:00:00,monetary,0.0
region1,free_transmission:region1-1,2005-01-03 20:00:00,monetary,0.0
region1,free_transmission:region1-1,2005-01-03 21:00:00,monetary,0.0
region1,free_transmission:region1-1,2005-01-03 22:00:00,monetary,0.0
region1,free_transmission:region1-1,2005-01-03 23:00:00,monetary,0.0
region1,free_transmission:region1-1,2005-01-04 00:00:00,monetary,0.0
region1,free_transmission:region1-1,2005-01-04 01:00:00,monetary,0.0
region1,free_transmission:region1-1,2005-01-04 02:00:00,monetary,0.0
region1,free_transmission:region1-1,2005-01-04 03:00:00,monetary,0.0
region1,free_transmission:region1-1,2005-01-04 04:00:00,monetary,0.0
region1,free_transmission:region1-1,2005-01-04 05:00:00,monetary,0.0
region1,free_transmission:region1-1,2005-01-04 06:00:00,monetary,0.0
region1,free_transmission:region1-1,2005-01-04 07:00:00,monetary,0.0
region1,free_transmission:region1-1,2005-01-04 08:00:00,monetary,0.0
region1,free_transmission:region1-1,2005-01-04 09:00:00,monetary,0.0
region1,free_transmission:region1-1,2005-01-04 10:00:00,monetary,0.0
region1,free_transmission:region1-1,2005-01-04 11:00:00,monetary,0.0
region1,free_transmission:region1-1,2005-01-04 12:00:00,monetary,0.0
region1,free_transmission:region1-1,2005-01-04 13:00:00,monetary,0.0
region1,free_transmission:region1-1,2005-01-04 14:00:00,monetary,0.0
region1,free_transmission:region1-1,2005-01-04 15:00:00,monetary,0.0
region1,free_transmission:region1-1,2005-01-04 16:00:00,monetary,0.0
region1,free_transmission:region1-1,2005-01-04 17:00:00,monetary,0.0
region1,free_transmission:region1-1,2005-01-04 18:00:00,monetary,0.0
region1,free_transmission:region1-1,2005-01-04 19:00:00,monetary,0.0
region1,free_transmission:region1-1,2005-01-04 20:00:00,monetary,0.0
region1,free_transmission:region1-1,2005-01-04 21:00:00,monetary,0.0
region1,free_transmission:region1-1,2005-01-04 22:00:00,monetary,0.0
region1,free_transmission:region1-1,2005-01-04 23:00:00,monetary,0.0
region1,free_transmission:region1-1,2005-01-05 00:00:00,monetary,0.0
region1,free_transmission:region1-1,2005-01-05 01:00:00,monetary,0.0
region1,free_transmission:region1-1,2005-01-05 02:00:00,monetary,0.0
region1,free_transmission:region1-1,2005-01-05 03:00:00,monetary,0.0
region1,free_transmission:region1-1,2005-01-05 04:00:00,monetary,0.0
region1,free_transmission:region1-1,2005-01-05 05:00:00,monetary,0.0
region1,free_transmission:region1-1,2005-01-05 06:00:00,monetary,0.0
region1,free_transmission:region1-1,2005-01-05 07:00:00,monetary,0.0
region1,free_transmission:region1-1,2005-01-05 08:00:00,monetary,0.0
region1,free_transmission:region1-1,2005-01-05 09:00:00,monetary,0.0
region1,free_transmission:region1-1,2005-01-05 10:00:00,monetary,0.0
region1,free_transmission:region1-1,2005-01-05 11:00:00,monetary,0.0
region1,free_transmission:region1-1,2005-01-05 12:00:00,monetary,0.0
region1,free_transmission:region1-1,2005-01-05 13:00:00,monetary,0.0
region1,free_transmission:region1-1,2005-01-05 14:00:00,monetary,0.0
region1,free_transmission:region1-1,2005-01-05 15:00:00,monetary,0.0
region1,free_transmission:region1-1,2005-01-05 16:00:00,monetary,0.0
region1,free_transmission:region1-1,2005-01-05 17:00:00,monetary,0.0
region1,free_transmission:region1-1,2005-01-05 18:00:00,monetary,0.0
region1,free_transmission:region1-1,2005-01-05 19:00:00,monetary,0.0
region1,free_transmission:region1-1,2005-01-05 20:00:00,monetary,0.0
region1,free_transmission:region1-1,2005-01-05 21:00:00,monetary,0.0
region1,free_transmission:region1-1,2005-01-05 22:00:00,monetary,0.0
region1,free_transmission:region1-1,2005-01-05 23:00:00,monetary,0.0
region1,free_transmission:region1-2,2005-01-01 00:00:00,monetary,0.0
region1,free_transmission:region1-2,2005-01-01 01:00:00,monetary,0.0
region1,free_transmission:region1-2,2005-01-01 02:00:00,monetary,0.0
region1,free_transmission:region1-2,2005-01-01 03:00:00,monetary,0.0
region1,free_transmission:region1-2,2005-01-01 04:00:00,monetary,0.0
region1,free_transmission:region1-2,2005-01-01 05:00:00,monetary,0.0
region1,free_transmission:region1-2,2005-01-01 06:00:00,monetary,0.0
region1,free_transmission:region1-2,2005-01-01 07:00:00,monetary,0.0
region1,free_transmission:region1-2,2005-01-01 08:00:00,monetary,0.0
region1,free_transmission:region1-2,2005-01-01 09:00:00,monetary,0.0
region1,free_transmission:region1-2,2005-01-01 10:00:00,monetary,0.0
region1,free_transmission:region1-2,2005-01-01 11:00:00,monetary,0.0
region1,free_transmission:region1-2,2005-01-01 12:00:00,monetary,0.0
region1,free_transmission:region1-2,2005-01-01 13:00:00,monetary,0.0
region1,free_transmission:region1-2,2005-01-01 14:00:00,monetary,0.0
region1,free_transmission:region1-2,2005-01-01 15:00:00,monetary,0.0
region1,free_transmission:region1-2,2005-01-01 16:00:00,monetary,0.0
region1,free_transmission:region1-2,2005-01-01 17:00:00,monetary,0.0
region1,free_transmission:region1-2,2005-01-01 18:00:00,monetary,0.0
region1,free_transmission:region1-2,2005-01-01 19:00:00,monetary,0.0
region1,free_transmission:region1-2,2005-01-01 20:00:00,monetary,0.0
region1,free_transmission:region1-2,2005-01-01 21:00:00,monetary,0.0
region1,free_transmission:region1-2,2005-01-01 22:00:00,monetary,0.0
region1,free_transmission:region1-2,2005-01-01 23:00:00,monetary,0.0
region1,free_transmission:region1-2,2005-01-02 00:00:00,monetary,0.0
region1,free_transmission:region1-2,2005-01-02 01:00:00,monetary,0.0
region1,free_transmission:region1-2,2005-01-02 02:00:00,monetary,0.0
region1,free_transmission:region1-2,2005-01-02 03:00:00,monetary,0.0
region1,free_transmission:region1-2,2005-01-02 04:00:00,monetary,0.0
region1,free_transmission:region1-2,2005-01-02 05:00:00,monetary,0.0
region1,free_transmission:region1-2,2005-01-02 06:00:00,monetary,0.0
region1,free_transmission:region1-2,2005-01-02 07:00:00,monetary,0.0
region1,free_transmission:region1-2,2005-01-02 08:00:00,monetary,0.0
region1,free_transmission:region1-2,2005-01-02 09:00:00,monetary,0.0
region1,free_transmission:region1-2,2005-01-02 10:00:00,monetary,0.0
region1,free_transmission:region1-2,2005-01-02 11:00:00,monetary,0.0
region1,free_transmission:region1-2,2005-01-02 12:00:00,monetary,0.0
region1,free_transmission:region1-2,2005-01-02 13:00:00,monetary,0.0
region1,free_transmission:region1-2,2005-01-02 14:00:00,monetary,0.0
region1,free_transmission:region1-2,2005-01-02 15:00:00,monetary,0.0
region1,free_transmission:region1-2,2005-01-02 16:00:00,monetary,0.0
region1,free_transmission:region1-2,2005-01-02 17:00:00,monetary,0.0
region1,free_transmission:region1-2,2005-01-02 18:00:00,monetary,0.0
region1,free_transmission:region1-2,2005-01-02 19:00:00,monetary,0.0
region1,free_transmission:region1-2,2005-01-02 20:00:00,monetary,0.0
region1,free_transmission:region1-2,2005-01-02 21:00:00,monetary,0.0
region1,free_transmission:region1-2,2005-01-02 22:00:00,monetary,0.0
region1,free_transmission:region1-2,2005-01-02 23:00:00,monetary,0.0
region1,free_transmission:region1-2,2005-01-03 00:00:00,monetary,0.0
region1,free_transmission:region1-2,2005-01-03 01:00:00,monetary,0.0
region1,free_transmission:region1-2,2005-01-03 02:00:00,monetary,0.0
region1,free_transmission:region1-2,2005-01-03 03:00:00,monetary,0.0
region1,free_transmission:region1-2,2005-01-03 04:00:00,monetary,0.0
region1,free_transmission:region1-2,2005-01-03 05:00:00,monetary,0.0
region1,free_transmission:region1-2,2005-01-03 06:00:00,monetary,0.0
region1,free_transmission:region1-2,2005-01-03 07:00:00,monetary,0.0
region1,free_transmission:region1-2,2005-01-03 08:00:00,monetary,0.0
region1,free_transmission:region1-2,2005-01-03 09:00:00,monetary,0.0
region1,free_transmission:region1-2,2005-01-03 10:00:00,monetary,0.0
region1,free_transmission:region1-2,2005-01-03 11:00:00,monetary,0.0
region1,free_transmission:region1-2,2005-01-03 12:00:00,monetary,0.0
region1,free_transmission:region1-2,2005-01-03 13:00:00,monetary,0.0
region1,free_transmission:region1-2,2005-01-03 14:00:00,monetary,0.0
region1,free_transmission:region1-2,2005-01-03 15:00:00,monetary,0.0
region1,free_transmission:region1-2,2005-01-03 16:00:00,monetary,0.0
region1,free_transmission:region1-2,2005-01-03 17:00:00,monetary,0.0
region1,free_transmission:region1-2,2005-01-03 18:00:00,monetary,0.0
region1,free_transmission:region1-2,2005-01-03 19:00:00,monetary,0.0
region1,free_transmission:region1-2,2005-01-03 20:00:00,monetary,0.0
region1,free_transmission:region1-2,2005-01-03 21:00:00,monetary,0.0
region1,free_transmission:region1-2,2005-01-03 22:00:00,monetary,0.0
region1,free_transmission:region1-2,2005-01-03 23:00:00,monetary,0.0
region1,free_transmission:region1-2,2005-01-04 00:00:00,monetary,0.0
region1,free_transmission:region1-2,2005-01-04 01:00:00,monetary,0.0
region1,free_transmission:region1-2,2005-01-04 02:00:00,monetary,0.0
region1,free_transmission:region1-2,2005-01-04 03:00:00,monetary,0.0
region1,free_transmission:region1-2,2005-01-04 04:00:00,monetary,0.0
region1,free_transmission:region1-2,2005-01-04 05:00:00,monetary,0.0
region1,free_transmission:region1-2,2005-01-04 06:00:00,monetary,0.0
region1,free_transmission:region1-2,2005-01-04 07:00:00,monetary,0.0
region1,free_transmission:region1-2,2005-01-04 08:00:00,monetary,0.0
region1,free_transmission:region1-2,2005-01-04 09:00:00,monetary,0.0
region1,free_transmission:region1-2,2005-01-04 10:00:00,monetary,0.0
region1,free_transmission:region1-2,2005-01-04 11:00:00,monetary,0.0
region1,free_transmission:region1-2,2005-01-04 12:00:00,monetary,0.0
region1,free_transmission:region1-2,2005-01-04 13:00:00,monetary,0.0
region1,free_transmission:region1-2,2005-01-04 14:00:00,monetary,0.0
region1,free_transmission:region1-2,2005-01-04 15:00:00,monetary,0.0
region1,free_transmission:region1-2,2005-01-04 16:00:00,monetary,0.0
region1,free_transmission:region1-2,2005-01-04 17:00:00,monetary,0.0
region1,free_transmission:region1-2,2005-01-04 18:00:00,monetary,0.0
region1,free_transmission:region1-2,2005-01-04 19:00:00,monetary,0.0
region1,free_transmission:region1-2,2005-01-04 20:00:00,monetary,0.0
region1,free_transmission:region1-2,2005-01-04 21:00:00,monetary,0.0
region1,free_transmission:region1-2,2005-01-04 22:00:00,monetary,0.0
region1,free_transmission:region1-2,2005-01-04 23:00:00,monetary,0.0
region1,free_transmission:region1-2,2005-01-05 00:00:00,monetary,0.0
region1,free_transmission:region1-2,2005-01-05 01:00:00,monetary,0.0
region1,free_transmission:region1-2,2005-01-05 02:00:00,monetary,0.0
region1,free_transmission:region1-2,2005-01-05 03:00:00,monetary,0.0
region1,free_transmission:region1-2,2005-01-05 04:00:00,monetary,0.0
region1,free_transmission:region1-2,2005-01-05 05:00:00,monetary,0.0
region1,free_transmission:region1-2,2005-01-05 06:00:00,monetary,0.0
region1,free_transmission:region1-2,2005-01-05 07:00:00,monetary,0.0
region1,free_transmission:region1-2,2005-01-05 08:00:00,monetary,0.0
region1,free_transmission:region1-2,2005-01-05 09:00:00,monetary,0.0
region1,free_transmission:region1-2,2005-01-05 10:00:00,monetary,0.0
region1,free_transmission:region1-2,2005-01-05 11:00:00,monetary,0.0
region1,free_transmission:region1-2,2005-01-05 12:00:00,monetary,0.0
region1,free_transmission:region1-2,2005-01-05 13:00:00,monetary,0.0
region1,free_transmission:region1-2,2005-01-05 14:00:00,monetary,0.0
region1,free_transmission:region1-2,2005-01-05 15:00:00,monetary,0.0
region1,free_transmission:region1-2,2005-01-05 16:00:00,monetary,0.0
region1,free_transmission:region1-2,2005-01-05 17:00:00,monetary,0.0
region1,free_transmission:region1-2,2005-01-05 18:00:00,monetary,0.0
region1,free_transmission:region1-2,2005-01-05 19:00:00,monetary,0.0
region1,free_transmission:region1-2,2005-01-05 20:00:00,monetary,0.0
region1,free_transmission:region1-2,2005-01-05 21:00:00,monetary,0.0
region1,free_transmission:region1-2,2005-01-05 22:00:00,monetary,0.0
region1,free_transmission:region1-2,2005-01-05 23:00:00,monetary,0.0
region1,free_transmission:region1-3,2005-01-01 00:00:00,monetary,0.0
region1,free_transmission:region1-3,2005-01-01 01:00:00,monetary,0.0
region1,free_transmission:region1-3,2005-01-01 02:00:00,monetary,0.0
region1,free_transmission:region1-3,2005-01-01 03:00:00,monetary,0.0
region1,free_transmission:region1-3,2005-01-01 04:00:00,monetary,0.0
region1,free_transmission:region1-3,2005-01-01 05:00:00,monetary,0.0
region1,free_transmission:region1-3,2005-01-01 06:00:00,monetary,0.0
region1,free_transmission:region1-3,2005-01-01 07:00:00,monetary,0.0
region1,free_transmission:region1-3,2005-01-01 08:00:00,monetary,0.0
region1,free_transmission:region1-3,2005-01-01 09:00:00,monetary,0.0
region1,free_transmission:region1-3,2005-01-01 10:00:00,monetary,0.0
region1,free_transmission:region1-3,2005-01-01 11:00:00,monetary,0.0
region1,free_transmission:region1-3,2005-01-01 12:00:00,monetary,0.0
region1,free_transmission:region1-3,2005-01-01 13:00:00,monetary,0.0
region1,free_transmission:region1-3,2005-01-01 14:00:00,monetary,0.0
region1,free_transmission:region1-3,2005-01-01 15:00:00,monetary,0.0
region1,free_transmission:region1-3,2005-01-01 16:00:00,monetary,0.0
region1,free_transmission:region1-3,2005-01-01 17:00:00,monetary,0.0
region1,free_transmission:region1-3,2005-01-01 18:00:00,monetary,0.0
region1,free_transmission:region1-3,2005-01-01 19:00:00,monetary,0.0
region1,free_transmission:region1-3,2005-01-01 20:00:00,monetary,0.0
region1,free_transmission:region1-3,2005-01-01 21:00:00,monetary,0.0
region1,free_transmission:region1-3,2005-01-01 22:00:00,monetary,0.0
region1,free_transmission:region1-3,2005-01-01 23:00:00,monetary,0.0
region1,free_transmission:region1-3,2005-01-02 00:00:00,monetary,0.0
region1,free_transmission:region1-3,2005-01-02 01:00:00,monetary,0.0
region1,free_transmission:region1-3,2005-01-02 02:00:00,monetary,0.0
region1,free_transmission:region1-3,2005-01-02 03:00:00,monetary,0.0
region1,free_transmission:region1-3,2005-01-02 04:00:00,monetary,0.0
region1,free_transmission:region1-3,2005-01-02 05:00:00,monetary,0.0
region1,free_transmission:region1-3,2005-01-02 06:00:00,monetary,0.0
region1,free_transmission:region1-3,2005-01-02 07:00:00,monetary,0.0
region1,free_transmission:region1-3,2005-01-02 08:00:00,monetary,0.0
region1,free_transmission:region1-3,2005-01-02 09:00:00,monetary,0.0
region1,free_transmission:region1-3,2005-01-02 10:00:00,monetary,0.0
region1,free_transmission:region1-3,2005-01-02 11:00:00,monetary,0.0
region1,free_transmission:region1-3,2005-01-02 12:00:00,monetary,0.0
region1,free_transmission:region1-3,2005-01-02 13:00:00,monetary,0.0
region1,free_transmission:region1-3,2005-01-02 14:00:00,monetary,0.0
region1,free_transmission:region1-3,2005-01-02 15:00:00,monetary,0.0
region1,free_transmission:region1-3,2005-01-02 16:00:00,monetary,0.0
region1,free_transmission:region1-3,2005-01-02 17:00:00,monetary,0.0
region1,free_transmission:region1-3,2005-01-02 18:00:00,monetary,0.0
region1,free_transmission:region1-3,2005-01-02 19:00:00,monetary,0.0
region1,free_transmission:region1-3,2005-01-02 20:00:00,monetary,0.0
region1,free_transmission:region1-3,2005-01-02 21:00:00,monetary,0.0
region1,free_transmission:region1-3,2005-01-02 22:00:00,monetary,0.0
region1,free_transmission:region1-3,2005-01-02 23:00:00,monetary,0.0
region1,free_transmission:region1-3,2005-01-03 00:00:00,monetary,0.0
region1,free_transmission:region1-3,2005-01-03 01:00:00,monetary,0.0
region1,free_transmission:region1-3,2005-01-03 02:00:00,monetary,0.0
region1,free_transmission:region1-3,2005-01-03 03:00:00,monetary,0.0
region1,free_transmission:region1-3,2005-01-03 04:00:00,monetary,0.0
region1,free_transmission:region1-3,2005-01-03 05:00:00,monetary,0.0
region1,free_transmission:region1-3,2005-01-03 06:00:00,monetary,0.0
region1,free_transmission:region1-3,2005-01-03 07:00:00,monetary,0.0
region1,free_transmission:region1-3,2005-01-03 08:00:00,monetary,0.0
region1,free_transmission:region1-3,2005-01-03 09:00:00,monetary,0.0
region1,free_transmission:region1-3,2005-01-03 10:00:00,monetary,0.0
region1,free_transmission:region1-3,2005-01-03 11:00:00,monetary,0.0
region1,free_transmission:region1-3,2005-01-03 12:00:00,monetary,0.0
region1,free_transmission:region1-3,2005-01-03 13:00:00,monetary,0.0
region1,free_transmission:region1-3,2005-01-03 14:00:00,monetary,0.0
region1,free_transmission:region1-3,2005-01-03 15:00:00,monetary,0.0
region1,free_transmission:region1-3,2005-01-03 16:00:00,monetary,0.0
region1,free_transmission:region1-3,2005-01-03 17:00:00,monetary,0.0
region1,free_transmission:region1-3,2005-01-03 18:00:00,monetary,0.0
region1,free_transmission:region1-3,2005-01-03 19:00:00,monetary,0.0
region1,free_transmission:region1-3,2005-01-03 20:00:00,monetary,0.0
region1,free_transmission:region1-3,2005-01-03 21:00:00,monetary,0.0
region1,free_transmission:region1-3,2005-01-03 22:00:00,monetary,0.0
region1,free_transmission:region1-3,2005-01-03 23:00:00,monetary,0.0
region1,free_transmission:region1-3,2005-01-04 00:00:00,monetary,0.0
region1,free_transmission:region1-3,2005-01-04 01:00:00,monetary,0.0
region1,free_transmission:region1-3,2005-01-04 02:00:00,monetary,0.0
region1,free_transmission:region1-3,2005-01-04 03:00:00,monetary,0.0
region1,free_transmission:region1-3,2005-01-04 04:00:00,monetary,0.0
region1,free_transmission:region1-3,2005-01-04 05:00:00,monetary,0.0
region1,free_transmission:region1-3,2005-01-04 06:00:00,monetary,0.0
region1,free_transmission:region1-3,2005-01-04 07:00:00,monetary,0.0
region1,free_transmission:region1-3,2005-01-04 08:00:00,monetary,0.0
region1,free_transmission:region1-3,2005-01-04 09:00:00,monetary,0.0
region1,free_transmission:region1-3,2005-01-04 10:00:00,monetary,0.0
region1,free_transmission:region1-3,2005-01-04 11:00:00,monetary,0.0
region1,free_transmission:region1-3,2005-01-04 12:00:00,monetary,0.0
region1,free_transmission:region1-3,2005-01-04 13:00:00,monetary,0.0
region1,free_transmission:region1-3,2005-01-04 14:00:00,monetary,0.0
region1,free_transmission:region1-3,2005-01-04 15:00:00,monetary,0.0
region1,free_transmission:region1-3,2005-01-04 16:00:00,monetary,0.0
region1,free_transmission:region1-3,2005-01-04 17:00:00,monetary,0.0
region1,free_transmission:region1-3,2005-01-04 18:00:00,monetary,0.0
region1,free_transmission:region1-3,2005-01-04 19:00:00,monetary,0.0
region1,free_transmission:region1-3,2005-01-04 20:00:00,monetary,0.0
region1,free_transmission:region1-3,2005-01-04 21:00:00,monetary,0.0
region1,free_transmission:region1-3,2005-01-04 22:00:00,monetary,0.0
region1,free_transmission:region1-3,2005-01-04 23:00:00,monetary,0.0
region1,free_transmission:region1-3,2005-01-05 00:00:00,monetary,0.0
region1,free_transmission:region1-3,2005-01-05 01:00:00,monetary,0.0
region1,free_transmission:region1-3,2005-01-05 02:00:00,monetary,0.0
region1,free_transmission:region1-3,2005-01-05 03:00:00,monetary,0.0
region1,free_transmission:region1-3,2005-01-05 04:00:00,monetary,0.0
region1,free_transmission:region1-3,2005-01-05 05:00:00,monetary,0.0
region1,free_transmission:region1-3,2005-01-05 06:00:00,monetary,0.0
region1,free_transmission:region1-3,2005-01-05 07:00:00,monetary,0.0
region1,free_transmission:region1-3,2005-01-05 08:00:00,monetary,0.0
region1,free_transmission:region1-3,2005-01-05 09:00:00,monetary,0.0
region1,free_transmission:region1-3,2005-01-05 10:00:00,monetary,0.0
region1,free_transmission:region1-3,2005-01-05 11:00:00,monetary,0.0
region1,free_transmission:region1-3,2005-01-05 12:00:00,monetary,0.0
region1,free_transmission:region1-3,2005-01-05 13:00:00,monetary,0.0
region1,free_transmission:region1-3,2005-01-05 14:00:00,monetary,0.0
region1,free_transmission:region1-3,2005-01-05 15:00:00,monetary,0.0
region1,free_transmission:region1-3,2005-01-05 16:00:00,monetary,0.0
region1,free_transmission:region1-3,2005-01-05 17:00:00,monetary,0.0
region1,free_transmission:region1-3,2005-01-05 18:00:00,monetary,0.0
region1,free_transmission:region1-3,2005-01-05 19:00:00,monetary,0.0
region1,free_transmission:region1-3,2005-01-05 20:00:00,monetary,0.0
region1,free_transmission:region1-3,2005-01-05 21:00:00,monetary,0.0
region1,free_transmission:region1-3,2005-01-05 22:00:00,monetary,0.0
region1,free_transmission:region1-3,2005-01-05 23:00:00,monetary,0.0
region2,ac_transmission:region1,2005-01-01 00:00:00,monetary,4.508196
region2,ac_transmission:region1,2005-01-01 01:00:00,monetary,4.262296
region2,ac_transmission:region1,2005-01-01 02:00:00,monetary,4.180328
region2,ac_transmission:region1,2005-01-01 03:00:00,monetary,4.262296
region2,ac_transmission:region1,2005-01-01 04:00:00,monetary,4.344264
region2,ac_transmission:region1,2005-01-01 05:00:00,monetary,4.344264
region2,ac_transmission:region1,2005-01-01 06:00:00,monetary,4.426228
region2,ac_transmission:region1,2005-01-01 07:00:00,monetary,4.590164
region2,ac_transmission:region1,2005-01-01 08:00:00,monetary,4.918032
region2,ac_transmission:region1,2005-01-01 09:00:00,monetary,4.918032
region2,ac_transmission:region1,2005-01-01 10:00:00,monetary,5.491804
region2,ac_transmission:region1,2005-01-01 11:00:00,monetary,5.491804
region2,ac_transmission:region1,2005-01-01 12:00:00,monetary,5.491804
region2,ac_transmission:region1,2005-01-01 13:00:00,monetary,5.491804
region2,ac_transmission:region1,2005-01-01 14:00:00,monetary,5.491804
region2,ac_transmission:region1,2005-01-01 15:00:00,monetary,5.491804
region2,ac_transmission:region1,2005-01-01 16:00:00,monetary,5.491804
region2,ac_transmission:region1,2005-01-01 17:00:00,monetary,5.491804
region2,ac_transmission:region1,2005-01-01 18:00:00,monetary,5.491804
region2,ac_transmission:region1,2005-01-01 19:00:00,monetary,5.491804
region2,ac_transmission:region1,2005-01-01 20:00:00,monetary,5.49180400000001
region2,ac_transmission:region1,2005-01-01 21:00:00,monetary,5.491804
region2,ac_transmission:region1,2005-01-01 22:00:00,monetary,5.491804
region2,ac_transmission:region1,2005-01-01 23:00:00,monetary,5.491804
region2,ac_transmission:region1,2005-01-02 00:00:00,monetary,5.491804
region2,ac_transmission:region1,2005-01-02 01:00:00,monetary,5.491804
region2,ac_transmission:region1,2005-01-02 02:00:00,monetary,4.40502343268692
region2,ac_transmission:region1,2005-01-02 03:00:00,monetary,5.491804
region2,ac_transmission:region1,2005-01-02 04:00:00,monetary,5.38432160000001
region2,ac_transmission:region1,2005-01-02 05:00:00,monetary,4.344264
region2,ac_transmission:region1,2005-01-02 06:00:00,monetary,4.426228
region2,ac_transmission:region1,2005-01-02 07:00:00,monetary,4.590164
region2,ac_transmission:region1,2005-01-02 08:00:00,monetary,4.91803200000001
region2,ac_transmission:region1,2005-01-02 09:00:00,monetary,4.918032
region2,ac_transmission:region1,2005-01-02 10:00:00,monetary,4.83606400000001
region2,ac_transmission:region1,2005-01-02 11:00:00,monetary,4.83606400000001
region2,ac_transmission:region1,2005-01-02 12:00:00,monetary,4.75410000000001
region2,ac_transmission:region1,2005-01-02 13:00:00,monetary,4.672132
region2,ac_transmission:region1,2005-01-02 14:00:00,monetary,4.59016400000001
region2,ac_transmission:region1,2005-01-02 15:00:00,monetary,4.91803199999995
region2,ac_transmission:region1,2005-01-02 16:00:00,monetary,3.819672
region2,ac_transmission:region1,2005-01-02 17:00:00,monetary,3.737704
region2,ac_transmission:region1,2005-01-02 18:00:00,monetary,5.49180400000001
region2,ac_transmission:region1,2005-01-02 19:00:00,monetary,5.491804
region2,ac_transmission:region1,2005-01-02 20:00:00,monetary,5.2459
region2,ac_transmission:region1,2005-01-02 21:00:00,monetary,4.918032
region2,ac_transmission:region1,2005-01-02 22:00:00,monetary,4.508196
region2,ac_transmission:region1,2005-01-02 23:00:00,monetary,4.59016399999999
region2,ac_transmission:region1,2005-01-03 00:00:00,monetary,5.491804
region2,ac_transmission:region1,2005-01-03 01:00:00,monetary,5.491804
region2,ac_transmission:region1,2005-01-03 02:00:00,monetary,5.491804
region2,ac_transmission:region1,2005-01-03 03:00:00,monetary,5.26066023268707
region2,ac_transmission:region1,2005-01-03 04:00:00,monetary,4.344264
region2,ac_transmission:region1,2005-01-03 05:00:00,monetary,4.344264
region2,ac_transmission:region1,2005-01-03 06:00:00,monetary,4.426228
region2,ac_transmission:region1,2005-01-03 07:00:00,monetary,4.59016400000001
region2,ac_transmission:region1,2005-01-03 08:00:00,monetary,4.918032
region2,ac_transmission:region1,2005-01-03 09:00:00,monetary,4.918032
region2,ac_transmission:region1,2005-01-03 10:00:00,monetary,4.836064
region2,ac_transmission:region1,2005-01-03 11:00:00,monetary,4.836064
region2,ac_transmission:region1,2005-01-03 12:00:00,monetary,4.7541
region2,ac_transmission:region1,2005-01-03 13:00:00,monetary,4.672132
region2,ac_transmission:region1,2005-01-03 14:00:00,monetary,4.590164
region2,ac_transmission:region1,2005-01-03 15:00:00,monetary,2.918032
region2,ac_transmission:region1,2005-01-03 16:00:00,monetary,3.819672
region2,ac_transmission:region1,2005-01-03 17:00:00,monetary,3.737704
region2,ac_transmission:region1,2005-01-03 18:00:00,monetary,4.233
region2,ac_transmission:region1,2005-01-03 19:00:00,monetary,5.491804
region2,ac_transmission:region1,2005-01-03 20:00:00,monetary,5.491804
region2,ac_transmission:region1,2005-01-03 21:00:00,monetary,5.491804
region2,ac_transmission:region1,2005-01-03 22:00:00,monetary,5.491804
region2,ac_transmission:region1,2005-01-03 23:00:00,monetary,5.49180399999982
region2,ac_transmission:region1,2005-01-04 00:00:00,monetary,5.491804
region2,ac_transmission:region1,2005-01-04 01:00:00,monetary,5.491804
region2,ac_transmission:region1,2005-01-04 02:00:00,monetary,5.491804
region2,ac_transmission:region1,2005-01-04 03:00:00,monetary,5.491804
region2,ac_transmission:region1,2005-01-04 04:00:00,monetary,5.01905939058172
region2,ac_transmission:region1,2005-01-04 05:00:00,monetary,4.344264
region2,ac_transmission:region1,2005-01-04 06:00:00,monetary,4.426228
region2,ac_transmission:region1,2005-01-04 07:00:00,monetary,4.590164
region2,ac_transmission:region1,2005-01-04 08:00:00,monetary,4.918032
region2,ac_transmission:region1,2005-01-04 09:00:00,monetary,4.8073552
region2,ac_transmission:region1,2005-01-04 10:00:00,monetary,4.9586975734072
region2,ac_transmission:region1,2005-01-04 11:00:00,monetary,4.836064
region2,ac_transmission:region1,2005-01-04 12:00:00,monetary,4.7541
region2,ac_transmission:region1,2005-01-04 13:00:00,monetary,4.672132
region2,ac_transmission:region1,2005-01-04 14:00:00,monetary,3.9002352
region2,ac_transmission:region1,2005-01-04 15:00:00,monetary,2.918032
region2,ac_transmission:region1,2005-01-04 16:00:00,monetary,3.819672
region2,ac_transmission:region1,2005-01-04 17:00:00,monetary,3.737704
region2,ac_transmission:region1,2005-01-04 18:00:00,monetary,3.573772
region2,ac_transmission:region1,2005-01-04 19:00:00,monetary,5.49180399999999
region2,ac_transmission:region1,2005-01-04 20:00:00,monetary,5.491804
region2,ac_transmission:region1,2005-01-04 21:00:00,monetary,5.491804
region2,ac_transmission:region1,2005-01-04 22:00:00,monetary,5.49180399999999
region2,ac_transmission:region1,2005-01-04 23:00:00,monetary,5.491804
region2,ac_transmission:region1,2005-01-05 00:00:00,monetary,5.491804
region2,ac_transmission:region1,2005-01-05 01:00:00,monetary,5.491804
region2,ac_transmission:region1,2005-01-05 02:00:00,monetary,5.491804
region2,ac_transmission:region1,2005-01-05 03:00:00,monetary,5.491804
region2,ac_transmission:region1,2005-01-05 04:00:00,monetary,5.49180399999999
region2,ac_transmission:region1,2005-01-05 05:00:00,monetary,5.36642997229921
region2,ac_transmission:region1,2005-01-05 06:00:00,monetary,4.42622800000001
region2,ac_transmission:region1,2005-01-05 07:00:00,monetary,4.590164
region2,ac_transmission:region1,2005-01-05 08:00:00,monetary,4.52300640000001
region2,ac_transmission:region1,2005-01-05 09:00:00,monetary,4.03751360000002
region2,ac_transmission:region1,2005-01-05 10:00:00,monetary,4.69744
region2,ac_transmission:region1,2005-01-05 11:00:00,monetary,5.07856640000001
region2,ac_transmission:region1,2005-01-05 12:00:00,monetary,5.2850688
region2,ac_transmission:region1,2005-01-05 13:00:00,monetary,4.765848
region2,ac_transmission:region1,2005-01-05 14:00:00,monetary,3.267128
region2,ac_transmission:region1,2005-01-05 15:00:00,monetary,2.918032
region2,ac_transmission:region1,2005-01-05 16:00:00,monetary,3.819672
region2,ac_transmission:region1,2005-01-05 17:00:00,monetary,3.737704
region2,ac_transmission:region1,2005-01-05 18:00:00,monetary,3.573772
region2,ac_transmission:region1,2005-01-05 19:00:00,monetary,5.49180400000001
region2,ac_transmission:region1,2005-01-05 20:00:00,monetary,5.2459
region2,ac_transmission:region1,2005-01-05 21:00:00,monetary,4.918032
region2,ac_transmission:region1,2005-01-05 22:00:00,monetary,4.508196
region2,ac_transmission:region1,2005-01-05 23:00:00,monetary,4.59016399999999
