region1-1,free_transmission:region1,power,2005-01-01 00:00:00,0.0
region1-1,free_transmission:region1,power,2005-01-01 01:00:00,0.0
region1-1,free_transmission:region1,power,2005-01-01 02:00:00,0.0
region1-1,free_transmission:region1,power,2005-01-01 03:00:00,0.0
region1-1,free_transmission:region1,power,2005-01-01 04:00:00,0.0
region1-1,free_transmission:region1,power,2005-01-01 05:00:00,0.0
region1-1,free_transmission:region1,power,2005-01-01 06:00:00,0.0
region1-1,free_transmission:region1,power,2005-01-01 07:00:00,-983.161926335417
region1-1,free_transmission:region1,power,2005-01-01 08:00:00,-9000.0
region1-1,free_transmission:region1,power,2005-01-01 09:00:00,-9000.0
region1-1,free_transmission:region1,power,2005-01-01 10:00:00,-9000.0
region1-1,free_transmission:region1,power,2005-01-01 11:00:00,-9000.0
region1-1,free_transmission:region1,power,2005-01-01 12:00:00,-9000.0
region1-1,free_transmission:region1,power,2005-01-01 13:00:00,-9000.0
region1-1,free_transmission:region1,power,2005-01-01 14:00:00,-9000.0
region1-1,free_transmission:region1,power,2005-01-01 15:00:00,-9000.0
region1-1,free_transmission:region1,power,2005-01-01 16:00:00,-9000.0
region1-1,free_transmission:region1,power,2005-01-01 17:00:00,-9000.0
region1-1,free_transmission:region1,power,2005-01-01 18:00:00,-9000.00000000005
region1-1,free_transmission:region1,power,2005-01-01 19:00:00,-8999.99999999999
region1-1,free_transmission:region1,power,2005-01-01 20:00:00,-9000.0
region1-1,free_transmission:region1,power,2005-01-01 21:00:00,-9000.0
region1-1,free_transmission:region1,power,2005-01-01 22:00:00,-6082.91756149237
region1-1,free_transmission:region1,power,2005-01-01 23:00:00,0.0
region1-1,free_transmission:region1,power,2005-01-02 00:00:00,0.0
region1-1,free_transmission:region1,power,2005-01-02 01:00:00,0.0
region1-1,free_transmission:region1,power,2005-01-02 02:00:00,0.0
region1-1,free_transmission:region1,power,2005-01-02 03:00:00,0.0
region1-1,free_transmission:region1,power,2005-01-02 04:00:00,0.0
region1-1,free_transmission:region1,power,2005-01-02 05:00:00,-1849.0494117647
region1-1,free_transmission:region1,power,2005-01-02 06:00:00,-3665.99952941176
region1-1,free_transmission:region1,power,2005-01-02 07:00:00,-4892.38447058823
region1-1,free_transmission:region1,power,2005-01-02 08:00:00,-9000.0
region1-1,free_transmission:region1,power,2005-01-02 09:00:00,-9000.0
region1-1,free_transmission:region1,power,2005-01-02 10:00:00,-9000.0
region1-1,free_transmission:region1,power,2005-01-02 11:00:00,-9000.0
region1-1,free_transmission:region1,power,2005-01-02 12:00:00,-9000.0
region1-1,free_transmission:region1,power,2005-01-02 13:00:00,-9000.0
region1-1,free_transmission:region1,power,2005-01-02 14:00:00,-9000.0
region1-1,free_transmission:region1,power,2005-01-02 15:00:00,-9000.0
region1-1,free_transmission:region1,power,2005-01-02 16:00:00,-9000.0
region1-1,free_transmission:region1,power,2005-01-02 17:00:00,-9000.0
region1-1,free_transmission:region1,power,2005-01-02 18:00:00,-8560.87294117647
region1-1,free_transmission:region1,power,2005-01-02 19:00:00,-7021.72094117647
region1-1,free_transmission:region1,power,2005-01-02 20:00:00,-5291.02352941176
region1-1,free_transmission:region1,power,2005-01-02 21:00:00,-2939.792
region1-1,free_transmission:region1,power,2005-01-02 22:00:00,-893.479999999994
region1-1,free_transmission:region1,power,2005-01-02 23:00:00,0.0
region1-1,free_transmission:region1,power,2005-01-03 00:00:00,0.0
region1-1,free_transmission:region1,power,2005-01-03 01:00:00,0.0
region1-1,free_transmission:region1,power,2005-01-03 02:00:00,0.0
region1-1,free_transmission:region1,power,2005-01-03 03:00:00,0.0
region1-1,free_transmission:region1,power,2005-01-03 04:00:00,-1607.24141176471
region1-1,free_transmission:region1,power,2005-01-03 05:00:00,-4470.9854117647
region1-1,free_transmission:region1,power,2005-01-03 06:00:00,-6429.45552941174
region1-1,free_transmission:region1,power,2005-01-03 07:00:00,-7491.40847058824
region1-1,free_transmission:region1,power,2005-01-03 08:00:00,-8141.472
region1-1,free_transmission:region1,power,2005-01-03 09:00:00,-8436.096
region1-1,free_transmission:region1,power,2005-01-03 10:00:00,-8172.71152941177
region1-1,free_transmission:region1,power,2005-01-03 11:00:00,-7865.57552941177
region1-1,free_transmission:region1,power,2005-01-03 12:00:00,-7715.2974117647
region1-1,free_transmission:region1,power,2005-01-03 13:00:00,-8009.25694117647
region1-1,free_transmission:region1,power,2005-01-03 14:00:00,-8926.32047058824
region1-1,free_transmission:region1,power,2005-01-03 15:00:00,-9000.0
region1-1,free_transmission:region1,power,2005-01-03 16:00:00,-9000.0
region1-1,free_transmission:region1,power,2005-01-03 17:00:00,-9000.0
region1-1,free_transmission:region1,power,2005-01-03 18:00:00,-9000.0
region1-1,free_transmission:region1,power,2005-01-03 19:00:00,-8083.24094117646
region1-1,free_transmission:region1,power,2005-01-03 20:00:00,-6314.16894117647
region1-1,free_transmission:region1,power,2005-01-03 21:00:00,-4065.36894117647
region1-1,free_transmission:region1,power,2005-01-03 22:00:00,-2202.08894117647
region1-1,free_transmission:region1,power,2005-01-03 23:00:00,-991.912941176362
region1-1,free_transmission:region1,power,2005-01-04 00:00:00,-265.384941176467
region1-1,free_transmission:region1,power,2005-01-04 01:00:00,0.0
region1-1,free_transmission:region1,power,2005-01-04 02:00:00,-95.4009411764699
region1-1,free_transmission:region1,power,2005-01-04 03:00:00,-643.272941176467
region1-1,free_transmission:region1,power,2005-01-04 04:00:00,-2579.81187681277
region1-1,free_transmission:region1,power,2005-01-04 05:00:00,-5088.9374117647
region1-1,free_transmission:region1,power,2005-01-04 06:00:00,-7077.26352941176
region1-1,free_transmission:region1,power,2005-01-04 07:00:00,-8110.57647058824
region1-1,free_transmission:region1,power,2005-01-04 08:00:00,-8726.528
region1-1,free_transmission:region1,power,2005-01-04 09:00:00,-9000.0
region1-1,free_transmission:region1,power,2005-01-04 10:00:00,-8854.51292553365
region1-1,free_transmission:region1,power,2005-01-04 11:00:00,-8535.81552941176
region1-1,free_transmission:region1,power,2005-01-04 12:00:00,-8404.6414117647
region1-1,free_transmission:region1,power,2005-01-04 13:00:00,-8587.80094117646
region1-1,free_transmission:region1,power,2005-01-04 14:00:00,-9000.0
region1-1,free_transmission:region1,power,2005-01-04 15:00:00,-9000.0
region1-1,free_transmission:region1,power,2005-01-04 16:00:00,-9000.0
region1-1,free_transmission:region1,power,2005-01-04 17:00:00,-9000.0
region1-1,free_transmission:region1,power,2005-01-04 18:00:00,-9000.0
region1-1,free_transmission:region1,power,2005-01-04 19:00:00,-8594.60094117647
region1-1,free_transmission:region1,power,2005-01-04 20:00:00,-6875.08094117646
region1-1,free_transmission:region1,power,2005-01-04 21:00:00,-4535.91294117647
region1-1,free_transmission:region1,power,2005-01-04 22:00:00,-2594.10494117647
region1-1,free_transmission:region1,power,2005-01-04 23:00:00,-1314.61694117647
region1-1,free_transmission:region1,power,2005-01-05 00:00:00,-604.200941176466
region1-1,free_transmission:region1,power,2005-01-05 01:00:00,-336.184941176469
region1-1,free_transmission:region1,power,2005-01-05 02:00:00,-456.264941176468
region1-1,free_transmission:region1,power,2005-01-05 03:00:00,-1043.78494117647
region1-1,free_transmission:region1,power,2005-01-05 04:00:00,-3305.54494117647
region1-1,free_transmission:region1,power,2005-01-05 05:00:00,-6210.56351311718
region1-1,free_transmission:region1,power,2005-01-05 06:00:00,-7625.42352941177
region1-1,free_transmission:region1,power,2005-01-05 07:00:00,-8659.23247058823
region1-1,free_transmission:region1,power,2005-01-05 08:00:00,-9000.0
region1-1,free_transmission:region1,power,2005-01-05 09:00:00,-9000.0
region1-1,free_transmission:region1,power,2005-01-05 10:00:00,-9000.0
region1-1,free_transmission:region1,power,2005-01-05 11:00:00,-9000.0
region1-1,free_transmission:region1,power,2005-01-05 12:00:00,-9000.0
region1-1,free_transmission:region1,power,2005-01-05 13:00:00,-9000.0
region1-1,free_transmission:region1,power,2005-01-05 14:00:00,-9000.0
region1-1,free_transmission:region1,power,2005-01-05 15:00:00,-9000.0
region1-1,free_transmission:region1,power,2005-01-05 16:00:00,-9000.0
region1-1,free_transmission:region1,power,2005-01-05 17:00:00,-9000.0
region1-1,free_transmission:region1,power,2005-01-05 18:00:00,-9000.0
region1-1,free_transmission:region1,power,2005-01-05 19:00:00,-9000.0
region1-1,free_transmission:region1,power,2005-01-05 20:00:00,-9000.0
region1-1,free_transmission:region1,power,2005-01-05 21:00:00,-9000.0
region1-1,free_transmission:region1,power,2005-01-05 22:00:00,-9000.00000000001
region1-1,free_transmission:region1,power,2005-01-05 23:00:00,-7234.03101339273
region1-2,free_transmission:region1,power,2005-01-01 00:00:00,0.0
region1-2,free_transmission:region1,power,2005-01-01 01:00:00,0.0
region1-2,free_transmission:region1,power,2005-01-01 02:00:00,0.0
region1-2,free_transmission:region1,power,2005-01-01 03:00:00,0.0
region1-2,free_transmission:region1,power,2005-01-01 04:00:00,0.0
region1-2,free_transmission:region1,power,2005-01-01 05:00:00,0.0
region1-2,free_transmission:region1,power,2005-01-01 06:00:00,0.0
region1-2,free_transmission:region1,power,2005-01-01 07:00:00,0.0
region1-2,free_transmission:region1,power,2005-01-01 08:00:00,0.0
region1-2,free_transmission:region1,power,2005-01-01 09:00:00,0.0
region1-2,free_transmission:region1,power,2005-01-01 10:00:00,0.0
region1-2,free_transmission:region1,power,2005-01-01 11:00:00,0.0
region1-2,free_transmission:region1,power,2005-01-01 12:00:00,0.0
region1-2,free_transmission:region1,power,2005-01-01 13:00:00,0.0
region1-2,free_transmission:region1,power,2005-01-01 14:00:00,0.0
region1-2,free_transmission:region1,power,2005-01-01 15:00:00,0.0
region1-2,free_transmission:region1,power,2005-01-01 16:00:00,0.0
region1-2,free_transmission:region1,power,2005-01-01 17:00:00,0.0
region1-2,free_transmission:region1,power,2005-01-01 18:00:00,0.0
region1-2,free_transmission:region1,power,2005-01-01 19:00:00,0.0
region1-2,free_transmission:region1,power,2005-01-01 20:00:00,0.0
region1-2,free_transmission:region1,power,2005-01-01 21:00:00,0.0
region1-2,free_transmission:region1,power,2005-01-01 22:00:00,0.0
region1-2,free_transmission:region1,power,2005-01-01 23:00:00,0.0
region1-2,free_transmission:region1,power,2005-01-02 00:00:00,0.0
region1-2,free_transmission:region1,power,2005-01-02 01:00:00,0.0
region1-2,free_transmission:region1,power,2005-01-02 02:00:00,0.0
region1-2,free_transmission:region1,power,2005-01-02 03:00:00,0.0
region1-2,free_transmission:region1,power,2005-01-02 04:00:00,0.0
region1-2,free_transmission:region1,power,2005-01-02 05:00:00,0.0
region1-2,free_transmission:region1,power,2005-01-02 06:00:00,0.0
region1-2,free_transmission:region1,power,2005-01-02 07:00:00,0.0
region1-2,free_transmission:region1,power,2005-01-02 08:00:00,0.0
region1-2,free_transmission:region1,power,2005-01-02 09:00:00,0.0
region1-2,free_transmission:region1,power,2005-01-02 10:00:00,0.0
region1-2,free_transmission:region1,power,2005-01-02 11:00:00,0.0
region1-2,free_transmission:region1,power,2005-01-02 12:00:00,0.0
region1-2,free_transmission:region1,power,2005-01-02 13:00:00,0.0
region1-2,free_transmission:region1,power,2005-01-02 14:00:00,0.0
region1-2,free_transmission:region1,power,2005-01-02 15:00:00,0.0
region1-2,free_transmission:region1,power,2005-01-02 16:00:00,0.0
region1-2,free_transmission:region1,power,2005-01-02 17:00:00,0.0
region1-2,free_transmission:region1,power,2005-01-02 18:00:00,0.0
region1-2,free_transmission:region1,power,2005-01-02 19:00:00,0.0
region1-2,free_transmission:region1,power,2005-01-02 20:00:00,0.0
region1-2,free_transmission:region1,power,2005-01-02 21:00:00,0.0
region1-2,free_transmission:region1,power,2005-01-02 22:00:00,0.0
region1-2,free_transmission:region1,power,2005-01-02 23:00:00,0.0
region1-2,free_transmission:region1,power,2005-01-03 00:00:00,0.0
region1-2,free_transmission:region1,power,2005-01-03 01:00:00,0.0
region1-2,free_transmission:region1,power,2005-01-03 02:00:00,0.0
region1-2,free_transmission:region1,power,2005-01-03 03:00:00,0.0
region1-2,free_transmission:region1,power,2005-01-03 04:00:00,0.0
region1-2,free_transmission:region1,power,2005-01-03 05:00:00,0.0
region1-2,free_transmission:region1,power,2005-01-03 06:00:00,0.0
region1-2,free_transmission:region1,power,2005-01-03 07:00:00,0.0
region1-2,free_transmission:region1,power,2005-01-03 08:00:00,0.0
region1-2,free_transmission:region1,power,2005-01-03 09:00:00,0.0
region1-2,free_transmission:region1,power,2005-01-03 10:00:00,0.0
region1-2,free_transmission:region1,power,2005-01-03 11:00:00,0.0
region1-2,free_transmission:region1,power,2005-01-03 12:00:00,0.0
region1-2,free_transmission:region1,power,2005-01-03 13:00:00,0.0
region1-2,free_transmission:region1,power,2005-01-03 14:00:00,0.0
region1-2,free_transmission:region1,power,2005-01-03 15:00:00,0.0
region1-2,free_transmission:region1,power,2005-01-03 16:00:00,0.0
region1-2,free_transmission:region1,power,2005-01-03 17:00:00,0.0
region1-2,free_transmission:region1,power,2005-01-03 18:00:00,0.0
region1-2,free_transmission:region1,power,2005-01-03 19:00:00,0.0
region1-2,free_transmission:region1,power,2005-01-03 20:00:00,0.0
region1-2,free_transmission:region1,power,2005-01-03 21:00:00,0.0
region1-2,free_transmission:region1,power,2005-01-03 22:00:00,0.0
region1-2,free_transmission:region1,power,2005-01-03 23:00:00,0.0
region1-2,free_transmission:region1,power,2005-01-04 00:00:00,0.0
region1-2,free_transmission:region1,power,2005-01-04 01:00:00,0.0
region1-2,free_transmission:region1,power,2005-01-04 02:00:00,0.0
region1-2,free_transmission:region1,power,2005-01-04 03:00:00,0.0
region1-2,free_transmission:region1,power,2005-01-04 04:00:00,0.0
region1-2,free_transmission:region1,power,2005-01-04 05:00:00,0.0
region1-2,free_transmission:region1,power,2005-01-04 06:00:00,0.0
region1-2,free_transmission:region1,power,2005-01-04 07:00:00,0.0
region1-2,free_transmission:region1,power,2005-01-04 08:00:00,0.0
region1-2,free_transmission:region1,power,2005-01-04 09:00:00,0.0
region1-2,free_transmission:region1,power,2005-01-04 10:00:00,0.0
region1-2,free_transmission:region1,power,2005-01-04 11:00:00,0.0
region1-2,free_transmission:region1,power,2005-01-04 12:00:00,0.0
region1-2,free_transmission:region1,power,2005-01-04 13:00:00,0.0
region1-2,free_transmission:region1,power,2005-01-04 14:00:00,0.0
region1-2,free_transmission:region1,power,2005-01-04 15:00:00,0.0
region1-2,free_transmission:region1,power,2005-01-04 16:00:00,0.0
region1-2,free_transmission:region1,power,2005-01-04 17:00:00,0.0
region1-2,free_transmission:region1,power,2005-01-04 18:00:00,0.0
region1-2,free_transmission:region1,power,2005-01-04 19:00:00,0.0
region1-2,free_transmission:region1,power,2005-01-04 20:00:00,0.0
region1-2,free_transmission:region1,power,2005-01-04 21:00:00,0.0
region1-2,free_transmission:region1,power,2005-01-04 22:00:00,0.0
region1-2,free_transmission:region1,power,2005-01-04 23:00:00,0.0
region1-2,free_transmission:region1,power,2005-01-05 00:00:00,0.0
region1-2,free_transmission:region1,power,2005-01-05 01:00:00,0.0
region1-2,free_transmission:region1,power,2005-01-05 02:00:00,0.0
region1-2,free_transmission:region1,power,2005-01-05 03:00:00,0.0
region1-2,free_transmission:region1,power,2005-01-05 04:00:00,0.0
region1-2,free_transmission:region1,power,2005-01-05 05:00:00,0.0
region1-2,free_transmission:region1,power,2005-01-05 06:00:00,0.0
region1-2,free_transmission:region1,power,2005-01-05 07:00:00,0.0
region1-2,free_transmission:region1,power,2005-01-05 08:00:00,0.0
region1-2,free_transmission:region1,power,2005-01-05 09:00:00,0.0
region1-2,free_transmission:region1,power,2005-01-05 10:00:00,0.0
region1-2,free_transmission:region1,power,2005-01-05 11:00:00,0.0
region1-2,free_transmission:region1,power,2005-01-05 12:00:00,0.0
region1-2,free_transmission:region1,power,2005-01-05 13:00:00,0.0
region1-2,free_transmission:region1,power,2005-01-05 14:00:00,0.0
region1-2,free_transmission:region1,power,2005-01-05 15:00:00,0.0
region1-2,free_transmission:region1,power,2005-01-05 16:00:00,0.0
region1-2,free_transmission:region1,power,2005-01-05 17:00:00,0.0
region1-2,free_transmission:region1,power,2005-01-05 18:00:00,0.0
region1-2,free_transmission:region1,power,2005-01-05 19:00:00,0.0
region1-2,free_transmission:region1,power,2005-01-05 20:00:00,0.0
region1-2,free_transmission:region1,power,2005-01-05 21:00:00,0.0
region1-2,free_transmission:region1,power,2005-01-05 22:00:00,0.0
region1-2,free_transmission:region1,power,2005-01-05 23:00:00,0.0
region1-3,free_transmission:region1,power,2005-01-01 00:00:00,0.0
region1-3,free_transmission:region1,power,2005-01-01 01:00:00,0.0
region1-3,free_transmission:region1,power,2005-01-01 02:00:00,0.0
region1-3,free_transmission:region1,power,2005-01-01 03:00:00,0.0
region1-3,free_transmission:region1,power,2005-01-01 04:00:00,0.0
region1-3,free_transmission:region1,power,2005-01-01 05:00:00,0.0
region1-3,free_transmission:region1,power,2005-01-01 06:00:00,0.0
region1-3,free_transmission:region1,power,2005-01-01 07:00:00,0.0
region1-3,free_transmission:region1,power,2005-01-01 08:00:00,0.0
region1-3,free_transmission:region1,power,2005-01-01 09:00:00,0.0
region1-3,free_transmission:region1,power,2005-01-01 10:00:00,0.0
region1-3,free_transmission:region1,power,2005-01-01 11:00:00,0.0
region1-3,free_transmission:region1,power,2005-01-01 12:00:00,0.0
region1-3,free_transmission:region1,power,2005-01-01 13:00:00,0.0
region1-3,free_transmission:region1,power,2005-01-01 14:00:00,0.0
region1-3,free_transmission:region1,power,2005-01-01 15:00:00,0.0
region1-3,free_transmission:region1,power,2005-01-01 16:00:00,0.0
region1-3,free_transmission:region1,power,2005-01-01 17:00:00,0.0
region1-3,free_transmission:region1,power,2005-01-01 18:00:00,0.0
region1-3,free_transmission:region1,power,2005-01-01 19:00:00,0.0
region1-3,free_transmission:region1,power,2005-01-01 20:00:00,0.0
region1-3,free_transmission:region1,power,2005-01-01 21:00:00,0.0
region1-3,free_transmission:region1,power,2005-01-01 22:00:00,0.0
region1-3,free_transmission:region1,power,2005-01-01 23:00:00,0.0
region1-3,free_transmission:region1,power,2005-01-02 00:00:00,0.0
region1-3,free_transmission:region1,power,2005-01-02 01:00:00,0.0
region1-3,free_transmission:region1,power,2005-01-02 02:00:00,0.0
region1-3,free_transmission:region1,power,2005-01-02 03:00:00,0.0
region1-3,free_transmission:region1,power,2005-01-02 04:00:00,0.0
region1-3,free_transmission:region1,power,2005-01-02 05:00:00,0.0
region1-3,free_transmission:region1,power,2005-01-02 06:00:00,0.0
region1-3,free_transmission:region1,power,2005-01-02 07:00:00,0.0
region1-3,free_transmission:region1,power,2005-01-02 08:00:00,0.0
region1-3,free_transmission:region1,power,2005-01-02 09:00:00,0.0
region1-3,free_transmission:region1,power,2005-01-02 10:00:00,0.0
region1-3,free_transmission:region1,power,2005-01-02 11:00:00,0.0
region1-3,free_transmission:region1,power,2005-01-02 12:00:00,0.0
region1-3,free_transmission:region1,power,2005-01-02 13:00:00,0.0
region1-3,free_transmission:region1,power,2005-01-02 14:00:00,0.0
region1-3,free_transmission:region1,power,2005-01-02 15:00:00,0.0
region1-3,free_transmission:region1,power,2005-01-02 16:00:00,-66.2898823529392
region1-3,free_transmission:region1,power,2005-01-02 17:00:00,-36.6654117647106
region1-3,free_transmission:region1,power,2005-01-02 18:00:00,0.0
region1-3,free_transmission:region1,power,2005-01-02 19:00:00,0.0
region1-3,free_transmission:region1,power,2005-01-02 20:00:00,0.0
region1-3,free_transmission:region1,power,2005-01-02 21:00:00,0.0
region1-3,free_transmission:region1,power,2005-01-02 22:00:00,0.0
region1-3,free_transmission:region1,power,2005-01-02 23:00:00,0.0
region1-3,free_transmission:region1,power,2005-01-03 00:00:00,0.0
region1-3,free_transmission:region1,power,2005-01-03 01:00:00,0.0
region1-3,free_transmission:region1,power,2005-01-03 02:00:00,0.0
region1-3,free_transmission:region1,power,2005-01-03 03:00:00,0.0
region1-3,free_transmission:region1,power,2005-01-03 04:00:00,0.0
region1-3,free_transmission:region1,power,2005-01-03 05:00:00,0.0
region1-3,free_transmission:region1,power,2005-01-03 06:00:00,0.0
region1-3,free_transmission:region1,power,2005-01-03 07:00:00,0.0
region1-3,free_transmission:region1,power,2005-01-03 08:00:00,0.0
region1-3,free_transmission:region1,power,2005-01-03 09:00:00,0.0
region1-3,free_transmission:region1,power,2005-01-03 10:00:00,0.0
region1-3,free_transmission:region1,power,2005-01-03 11:00:00,0.0
region1-3,free_transmission:region1,power,2005-01-03 12:00:00,0.0
region1-3,free_transmission:region1,power,2005-01-03 13:00:00,0.0
region1-3,free_transmission:region1,power,2005-01-03 14:00:00,0.0
region1-3,free_transmission:region1,power,2005-01-03 15:00:00,-217.257411764711
region1-3,free_transmission:region1,power,2005-01-03 16:00:00,-2280.38588235294
region1-3,free_transmission:region1,power,2005-01-03 17:00:00,-1401.08141176471
region1-3,free_transmission:region1,power,2005-01-03 18:00:00,0.0
region1-3,free_transmission:region1,power,2005-01-03 19:00:00,0.0
region1-3,free_transmission:region1,power,2005-01-03 20:00:00,0.0
region1-3,free_transmission:region1,power,2005-01-03 21:00:00,0.0
region1-3,free_transmission:region1,power,2005-01-03 22:00:00,0.0
region1-3,free_transmission:region1,power,2005-01-03 23:00:00,0.0
region1-3,free_transmission:region1,power,2005-01-04 00:00:00,0.0
region1-3,free_transmission:region1,power,2005-01-04 01:00:00,0.0
region1-3,free_transmission:region1,power,2005-01-04 02:00:00,0.0
region1-3,free_transmission:region1,power,2005-01-04 03:00:00,0.0
region1-3,free_transmission:region1,power,2005-01-04 04:00:00,0.0
region1-3,free_transmission:region1,power,2005-01-04 05:00:00,0.0
region1-3,free_transmission:region1,power,2005-01-04 06:00:00,0.0
region1-3,free_transmission:region1,power,2005-01-04 07:00:00,0.0
region1-3,free_transmission:region1,power,2005-01-04 08:00:00,0.0
region1-3,free_transmission:region1,power,2005-01-04 09:00:00,0.0
region1-3,free_transmission:region1,power,2005-01-04 10:00:00,0.0
region1-3,free_transmission:region1,power,2005-01-04 11:00:00,0.0
region1-3,free_transmission:region1,power,2005-01-04 12:00:00,0.0
region1-3,free_transmission:region1,power,2005-01-04 13:00:00,0.0
region1-3,free_transmission:region1,power,2005-01-04 14:00:00,0.0
region1-3,free_transmission:region1,power,2005-01-04 15:00:00,-662.313411764707
region1-3,free_transmission:region1,power,2005-01-04 16:00:00,-2208.83388235294
region1-3,free_transmission:region1,power,2005-01-04 17:00:00,-1933.67341176471
region1-3,free_transmission:region1,power,2005-01-04 18:00:00,-161.25882352941
region1-3,free_transmission:region1,power,2005-01-04 19:00:00,0.0
region1-3,free_transmission:region1,power,2005-01-04 20:00:00,0.0
region1-3,free_transmission:region1,power,2005-01-04 21:00:00,0.0
region1-3,free_transmission:region1,power,2005-01-04 22:00:00,0.0
region1-3,free_transmission:region1,power,2005-01-04 23:00:00,0.0
region1-3,free_transmission:region1,power,2005-01-05 00:00:00,0.0
region1-3,free_transmission:region1,power,2005-01-05 01:00:00,0.0
region1-3,free_transmission:region1,power,2005-01-05 02:00:00,0.0
region1-3,free_transmission:region1,power,2005-01-05 03:00:00,0.0
region1-3,free_transmission:region1,power,2005-01-05 04:00:00,0.0
region1-3,free_transmission:region1,power,2005-01-05 05:00:00,0.0
region1-3,free_transmission:region1,power,2005-01-05 06:00:00,0.0
region1-3,free_transmission:region1,power,2005-01-05 07:00:00,0.0
region1-3,free_transmission:region1,power,2005-01-05 08:00:00,0.0
region1-3,free_transmission:region1,power,2005-01-05 09:00:00,0.0
region1-3,free_transmission:region1,power,2005-01-05 10:00:00,0.0
region1-3,free_transmission:region1,power,2005-01-05 11:00:00,0.0
region1-3,free_transmission:region1,power,2005-01-05 12:00:00,0.0
region1-3,free_transmission:region1,power,2005-01-05 13:00:00,0.0
region1-3,free_transmission:region1,power,2005-01-05 14:00:00,0.0
region1-3,free_transmission:region1,power,2005-01-05 15:00:00,-919.609411764712
region1-3,free_transmission:region1,power,2005-01-05 16:00:00,-2280.38588235294
region1-3,free_transmission:region1,power,2005-01-05 17:00:00,-1829.65741176471
region1-3,free_transmission:region1,power,2005-01-05 18:00:00,-93.0188235294135
region1-3,free_transmission:region1,power,2005-01-05 19:00:00,0.0
region1-3,free_transmission:region1,power,2005-01-05 20:00:00,0.0
region1-3,free_transmission:region1,power,2005-01-05 21:00:00,0.0
region1-3,free_transmission:region1,power,2005-01-05 22:00:00,0.0
region1-3,free_transmission:region1,power,2005-01-05 23:00:00,0.0
region1,ac_transmission:region2,power,2005-01-01 00:00:00,-2651.88
region1,ac_transmission:region2,power,2005-01-01 01:00:00,-2507.23294117647
region1,ac_transmission:region2,power,2005-01-01 02:00:00,-2459.01647058823
region1,ac_transmission:region2,power,2005-01-01 03:00:00,-2507.23294117647
region1,ac_transmission:region2,power,2005-01-01 04:00:00,-2555.44941176471
region1,ac_transmission:region2,power,2005-01-01 05:00:00,-2555.44941176471
region1,ac_transmission:region2,power,2005-01-01 06:00:00,-2603.66352941176
region1,ac_transmission:region2,power,2005-01-01 07:00:00,-2700.09647058824
region1,ac_transmission:region2,power,2005-01-01 08:00:00,-2892.96
region1,ac_transmission:region2,power,2005-01-01 09:00:00,-2892.96
region1,ac_transmission:region2,power,2005-01-01 10:00:00,-3230.47294117647
region1,ac_transmission:region2,power,2005-01-01 11:00:00,-3230.47294117647
region1,ac_transmission:region2,power,2005-01-01 12:00:00,-3230.47294117647
region1,ac_transmission:region2,power,2005-01-01 13:00:00,-3230.47294117647
region1,ac_transmission:region2,power,2005-01-01 14:00:00,-3230.47294117647
region1,ac_transmission:region2,power,2005-01-01 15:00:00,-3230.47294117647
region1,ac_transmission:region2,power,2005-01-01 16:00:00,-3230.47294117647
region1,ac_transmission:region2,power,2005-01-01 17:00:00,-3230.47294117647
region1,ac_transmission:region2,power,2005-01-01 18:00:00,-3230.47294117647
region1,ac_transmission:region2,power,2005-01-01 19:00:00,-3230.47294117647
region1,ac_transmission:region2,power,2005-01-01 20:00:00,-3230.47294117647
region1,ac_transmission:region2,power,2005-01-01 21:00:00,-3230.47294117647
region1,ac_transmission:region2,power,2005-01-01 22:00:00,-3230.47294117647
region1,ac_transmission:region2,power,2005-01-01 23:00:00,-3230.47294117647
region1,ac_transmission:region2,power,2005-01-02 00:00:00,-3230.47294117647
region1,ac_transmission:region2,power,2005-01-02 01:00:00,-3230.47294117647
region1,ac_transmission:region2,power,2005-01-02 02:00:00,-2591.19025452172
region1,ac_transmission:region2,power,2005-01-02 03:00:00,-3230.47294117647
region1,ac_transmission:region2,power,2005-01-02 04:00:00,-3167.24800000001
region1,ac_transmission:region2,power,2005-01-02 05:00:00,-2555.44941176471
region1,ac_transmission:region2,power,2005-01-02 06:00:00,-2603.66352941176
region1,ac_transmission:region2,power,2005-01-02 07:00:00,-2700.09647058824
region1,ac_transmission:region2,power,2005-01-02 08:00:00,-2892.96
region1,ac_transmission:region2,power,2005-01-02 09:00:00,-2892.96
region1,ac_transmission:region2,power,2005-01-02 10:00:00,-2844.74352941177
region1,ac_transmission:region2,power,2005-01-02 11:00:00,-2844.74352941177
region1,ac_transmission:region2,power,2005-01-02 12:00:00,-2796.52941176471
region1,ac_transmission:region2,power,2005-01-02 13:00:00,-2748.31294117647
region1,ac_transmission:region2,power,2005-01-02 14:00:00,-2700.09647058824
region1,ac_transmission:region2,power,2005-01-02 15:00:00,-2892.95999999997
region1,ac_transmission:region2,power,2005-01-02 16:00:00,-2246.86588235294
region1,ac_transmission:region2,power,2005-01-02 17:00:00,-2198.64941176471
region1,ac_transmission:region2,power,2005-01-02 18:00:00,-3230.47294117648
region1,ac_transmission:region2,power,2005-01-02 19:00:00,-3230.47294117647
region1,ac_transmission:region2,power,2005-01-02 20:00:00,-3085.82352941176
region1,ac_transmission:region2,power,2005-01-02 21:00:00,-2892.96
region1,ac_transmission:region2,power,2005-01-02 22:00:00,-2651.88
region1,ac_transmission:region2,power,2005-01-02 23:00:00,-2700.09647058823
region1,ac_transmission:region2,power,2005-01-03 00:00:00,-3230.47294117647
region1,ac_transmission:region2,power,2005-01-03 01:00:00,-3230.47294117647
region1,ac_transmission:region2,power,2005-01-03 02:00:00,-3230.47294117647
region1,ac_transmission:region2,power,2005-01-03 03:00:00,-3094.50601922769
region1,ac_transmission:region2,power,2005-01-03 04:00:00,-2555.44941176471
region1,ac_transmission:region2,power,2005-01-03 05:00:00,-2555.44941176471
region1,ac_transmission:region2,power,2005-01-03 06:00:00,-2603.66352941174
region1,ac_transmission:region2,power,2005-01-03 07:00:00,-2700.09647058824
region1,ac_transmission:region2,power,2005-01-03 08:00:00,-2892.96
region1,ac_transmission:region2,power,2005-01-03 09:00:00,-2892.96
region1,ac_transmission:region2,power,2005-01-03 10:00:00,-2844.74352941176
region1,ac_transmission:region2,power,2005-01-03 11:00:00,-2844.74352941176
region1,ac_transmission:region2,power,2005-01-03 12:00:00,-2796.52941176471
region1,ac_transmission:region2,power,2005-01-03 13:00:00,-2748.31294117647
region1,ac_transmission:region2,power,2005-01-03 14:00:00,-2700.09647058824
region1,ac_transmission:region2,power,2005-01-03 15:00:00,-1716.48941176471
region1,ac_transmission:region2,power,2005-01-03 16:00:00,-2246.86588235294
region1,ac_transmission:region2,power,2005-01-03 17:00:00,-2198.64941176471
region1,ac_transmission:region2,power,2005-01-03 18:00:00,-2490.0
region1,ac_transmission:region2,power,2005-01-03 19:00:00,-3230.47294117647
region1,ac_transmission:region2,power,2005-01-03 20:00:00,-3230.47294117647
region1,ac_transmission:region2,power,2005-01-03 21:00:00,-3230.47294117647
region1,ac_transmission:region2,power,2005-01-03 22:00:00,-3230.47294117647
region1,ac_transmission:region2,power,2005-01-03 23:00:00,-3230.47294117636
region1,ac_transmission:region2,power,2005-01-04 00:00:00,-3230.47294117647
region1,ac_transmission:region2,power,2005-01-04 01:00:00,-3230.47294117647
region1,ac_transmission:region2,power,2005-01-04 02:00:00,-3230.47294117647
region1,ac_transmission:region2,power,2005-01-04 03:00:00,-3230.47294117647
region1,ac_transmission:region2,power,2005-01-04 04:00:00,-2952.38787681278
region1,ac_transmission:region2,power,2005-01-04 05:00:00,-2555.44941176471
region1,ac_transmission:region2,power,2005-01-04 06:00:00,-2603.66352941176
region1,ac_transmission:region2,power,2005-01-04 07:00:00,-2700.09647058824
region1,ac_transmission:region2,power,2005-01-04 08:00:00,-2892.96
region1,ac_transmission:region2,power,2005-01-04 09:00:00,-2827.856
region1,ac_transmission:region2,power,2005-01-04 10:00:00,-2916.88092553365
region1,ac_transmission:region2,power,2005-01-04 11:00:00,-2844.74352941177
region1,ac_transmission:region2,power,2005-01-04 12:00:00,-2796.52941176471
region1,ac_transmission:region2,power,2005-01-04 13:00:00,-2748.31294117647
region1,ac_transmission:region2,power,2005-01-04 14:00:00,-2294.256
region1,ac_transmission:region2,power,2005-01-04 15:00:00,-1716.48941176471
region1,ac_transmission:region2,power,2005-01-04 16:00:00,-2246.86588235294
region1,ac_transmission:region2,power,2005-01-04 17:00:00,-2198.64941176471
region1,ac_transmission:region2,power,2005-01-04 18:00:00,-2102.21882352941
region1,ac_transmission:region2,power,2005-01-04 19:00:00,-3230.47294117647
region1,ac_transmission:region2,power,2005-01-04 20:00:00,-3230.47294117647
region1,ac_transmission:region2,power,2005-01-04 21:00:00,-3230.47294117647
region1,ac_transmission:region2,power,2005-01-04 22:00:00,-3230.47294117647
region1,ac_transmission:region2,power,2005-01-04 23:00:00,-3230.47294117647
region1,ac_transmission:region2,power,2005-01-05 00:00:00,-3230.47294117647
region1,ac_transmission:region2,power,2005-01-05 01:00:00,-3230.47294117647
region1,ac_transmission:region2,power,2005-01-05 02:00:00,-3230.47294117647
region1,ac_transmission:region2,power,2005-01-05 03:00:00,-3230.47294117647
region1,ac_transmission:region2,power,2005-01-05 04:00:00,-3230.47294117647
region1,ac_transmission:region2,power,2005-01-05 05:00:00,-3156.72351311718
region1,ac_transmission:region2,power,2005-01-05 06:00:00,-2603.66352941177
region1,ac_transmission:region2,power,2005-01-05 07:00:00,-2700.09647058823
region1,ac_transmission:region2,power,2005-01-05 08:00:00,-2660.592
region1,ac_transmission:region2,power,2005-01-05 09:00:00,-2375.00800000001
region1,ac_transmission:region2,power,2005-01-05 10:00:00,-2763.2
region1,ac_transmission:region2,power,2005-01-05 11:00:00,-2987.392
region1,ac_transmission:region2,power,2005-01-05 12:00:00,-3108.864
region1,ac_transmission:region2,power,2005-01-05 13:00:00,-2803.44
region1,ac_transmission:region2,power,2005-01-05 14:00:00,-1921.84
region1,ac_transmission:region2,power,2005-01-05 15:00:00,-1716.48941176471
region1,ac_transmission:region2,power,2005-01-05 16:00:00,-2246.86588235294
region1,ac_transmission:region2,power,2005-01-05 17:00:00,-2198.64941176471
region1,ac_transmission:region2,power,2005-01-05 18:00:00,-2102.21882352941
region1,ac_transmission:region2,power,2005-01-05 19:00:00,-3230.47294117648
region1,ac_transmission:region2,power,2005-01-05 20:00:00,-3085.82352941177
region1,ac_transmission:region2,power,2005-01-05 21:00:00,-2892.96
region1,ac_transmission:region2,power,2005-01-05 22:00:00,-2651.88
region1,ac_transmission:region2,power,2005-01-05 23:00:00,-2700.09647058823
region1,demand_power,power,2005-01-01 00:00:00,-25284.48
region1,demand_power,power,2005-01-01 01:00:00,-24387.44
region1,demand_power,power,2005-01-01 02:00:00,-23730.656
region1,demand_power,power,2005-01-01 03:00:00,-23123.04
region1,demand_power,power,2005-01-01 04:00:00,-23119.6
region1,demand_power,power,2005-01-01 05:00:00,-23683.28
region1,demand_power,power,2005-01-01 06:00:00,-24364.72
region1,demand_power,power,2005-01-01 07:00:00,-25249.968
region1,demand_power,power,2005-01-01 08:00:00,-26090.208
region1,demand_power,power,2005-01-01 09:00:00,-26870.464
region1,demand_power,power,2005-01-01 10:00:00,-27096.64
region1,demand_power,power,2005-01-01 11:00:00,-27001.568
region1,demand_power,power,2005-01-01 12:00:00,-27097.136
region1,demand_power,power,2005-01-01 13:00:00,-27438.192
region1,demand_power,power,2005-01-01 14:00:00,-28622.992
region1,demand_power,power,2005-01-01 15:00:00,-30166.272
region1,demand_power,power,2005-01-01 16:00:00,-31613.12
region1,demand_power,power,2005-01-01 17:00:00,-31965.28
region1,demand_power,power,2005-01-01 18:00:00,-31139.792
region1,demand_power,power,2005-01-01 19:00:00,-30229.456
region1,demand_power,power,2005-01-01 20:00:00,-29165.616
region1,demand_power,power,2005-01-01 21:00:00,-27508.704
region1,demand_power,power,2005-01-01 22:00:00,-26001.632
region1,demand_power,power,2005-01-01 23:00:00,-25050.672
region1,demand_power,power,2005-01-02 00:00:00,-24391.136
region1,demand_power,power,2005-01-02 01:00:00,-24143.888
region1,demand_power,power,2005-01-02 02:00:00,-24237.76
region1,demand_power,power,2005-01-02 03:00:00,-24841.728
region1,demand_power,power,2005-01-02 04:00:00,-26832.752
region1,demand_power,power,2005-01-02 05:00:00,-29293.6
region1,demand_power,power,2005-01-02 06:00:00,-31062.336
region1,demand_power,power,2005-01-02 07:00:00,-32192.288
region1,demand_power,power,2005-01-02 08:00:00,-32969.296
region1,demand_power,power,2005-01-02 09:00:00,-33562.496
region1,demand_power,power,2005-01-02 10:00:00,-33535.504
region1,demand_power,power,2005-01-02 11:00:00,-33355.728
region1,demand_power,power,2005-01-02 12:00:00,-33234.144
region1,demand_power,power,2005-01-02 13:00:00,-33526.0
region1,demand_power,power,2005-01-02 14:00:00,-34474.864
region1,demand_power,power,2005-01-02 15:00:00,-35769.216
region1,demand_power,power,2005-01-02 16:00:00,-36819.424
region1,demand_power,power,2005-01-02 17:00:00,-36838.016
region1,demand_power,power,2005-01-02 18:00:00,-35330.4
region1,demand_power,power,2005-01-02 19:00:00,-33791.248
region1,demand_power,power,2005-01-02 20:00:00,-32205.2
region1,demand_power,power,2005-01-02 21:00:00,-30046.832
region1,demand_power,power,2005-01-02 22:00:00,-28241.6
region1,demand_power,power,2005-01-02 23:00:00,-27086.592
region1,demand_power,power,2005-01-03 00:00:00,-26405.408
region1,demand_power,power,2005-01-03 01:00:00,-26148.112
region1,demand_power,power,2005-01-03 02:00:00,-26243.968
region1,demand_power,power,2005-01-03 03:00:00,-26815.568
region1,demand_power,power,2005-01-03 04:00:00,-29051.792
region1,demand_power,power,2005-01-03 05:00:00,-31915.536
region1,demand_power,power,2005-01-03 06:00:00,-33825.792
region1,demand_power,power,2005-01-03 07:00:00,-34791.312
region1,demand_power,power,2005-01-03 08:00:00,-35248.512
region1,demand_power,power,2005-01-03 09:00:00,-35543.136
region1,demand_power,power,2005-01-03 10:00:00,-35327.968
region1,demand_power,power,2005-01-03 11:00:00,-35020.832
region1,demand_power,power,2005-01-03 12:00:00,-34918.768
region1,demand_power,power,2005-01-03 13:00:00,-35260.944
region1,demand_power,power,2005-01-03 14:00:00,-36226.224
region1,demand_power,power,2005-01-03 15:00:00,-37500.768
region1,demand_power,power,2005-01-03 16:00:00,-38467.44
region1,demand_power,power,2005-01-03 17:00:00,-38202.432
region1,demand_power,power,2005-01-03 18:00:00,-36510.0
region1,demand_power,power,2005-01-03 19:00:00,-34852.768
region1,demand_power,power,2005-01-03 20:00:00,-33083.696
region1,demand_power,power,2005-01-03 21:00:00,-30834.896
region1,demand_power,power,2005-01-03 22:00:00,-28971.616
region1,demand_power,power,2005-01-03 23:00:00,-27761.44
region1,demand_power,power,2005-01-04 00:00:00,-27034.912
region1,demand_power,power,2005-01-04 01:00:00,-26741.904
region1,demand_power,power,2005-01-04 02:00:00,-26864.928
region1,demand_power,power,2005-01-04 03:00:00,-27412.8
region1,demand_power,power,2005-01-04 04:00:00,-29627.424
region1,demand_power,power,2005-01-04 05:00:00,-32533.488
region1,demand_power,power,2005-01-04 06:00:00,-34473.6
region1,demand_power,power,2005-01-04 07:00:00,-35410.48
region1,demand_power,power,2005-01-04 08:00:00,-35833.568
region1,demand_power,power,2005-01-04 09:00:00,-36172.144
region1,demand_power,power,2005-01-04 10:00:00,-35937.632
region1,demand_power,power,2005-01-04 11:00:00,-35691.072
region1,demand_power,power,2005-01-04 12:00:00,-35608.112
region1,demand_power,power,2005-01-04 13:00:00,-35839.488
region1,demand_power,power,2005-01-04 14:00:00,-36705.744
region1,demand_power,power,2005-01-04 15:00:00,-37945.824
region1,demand_power,power,2005-01-04 16:00:00,-38961.968
region1,demand_power,power,2005-01-04 17:00:00,-38735.024
region1,demand_power,power,2005-01-04 18:00:00,-37059.04
region1,demand_power,power,2005-01-04 19:00:00,-35364.128
region1,demand_power,power,2005-01-04 20:00:00,-33644.608
region1,demand_power,power,2005-01-04 21:00:00,-31305.44
region1,demand_power,power,2005-01-04 22:00:00,-29363.632
region1,demand_power,power,2005-01-04 23:00:00,-28084.144
region1,demand_power,power,2005-01-05 00:00:00,-27373.728
region1,demand_power,power,2005-01-05 01:00:00,-27105.712
region1,demand_power,power,2005-01-05 02:00:00,-27225.792
region1,demand_power,power,2005-01-05 03:00:00,-27813.312
region1,demand_power,power,2005-01-05 04:00:00,-30075.072
region1,demand_power,power,2005-01-05 05:00:00,-33053.84
region1,demand_power,power,2005-01-05 06:00:00,-35021.76
region1,demand_power,power,2005-01-05 07:00:00,-35959.136
region1,demand_power,power,2005-01-05 08:00:00,-36339.408
region1,demand_power,power,2005-01-05 09:00:00,-36624.992
region1,demand_power,power,2005-01-05 10:00:00,-36236.8
region1,demand_power,power,2005-01-05 11:00:00,-36012.608
region1,demand_power,power,2005-01-05 12:00:00,-35891.136
region1,demand_power,power,2005-01-05 13:00:00,-36196.56
region1,demand_power,power,2005-01-05 14:00:00,-37078.16
region1,demand_power,power,2005-01-05 15:00:00,-38203.12
region1,demand_power,power,2005-01-05 16:00:00,-39033.52
region1,demand_power,power,2005-01-05 17:00:00,-38631.008
region1,demand_power,power,2005-01-05 18:00:00,-36990.8
region1,demand_power,power,2005-01-05 19:00:00,-35330.832
region1,demand_power,power,2005-01-05 20:00:00,-33623.456
region1,demand_power,power,2005-01-05 21:00:00,-31341.168
region1,demand_power,power,2005-01-05 22:00:00,-29390.624
region1,demand_power,power,2005-01-05 23:00:00,-28132.928
region1,free_transmission:region1-1,power,2005-01-01 00:00:00,0.0
region1,free_transmission:region1-1,power,2005-01-01 01:00:00,0.0
region1,free_transmission:region1-1,power,2005-01-01 02:00:00,0.0
region1,free_transmission:region1-1,power,2005-01-01 03:00:00,0.0
region1,free_transmission:region1-1,power,2005-01-01 04:00:00,0.0
region1,free_transmission:region1-1,power,2005-01-01 05:00:00,0.0
region1,free_transmission:region1-1,power,2005-01-01 06:00:00,0.0
region1,free_transmission:region1-1,power,2005-01-01 07:00:00,0.0
region1,free_transmission:region1-1,power,2005-01-01 08:00:00,0.0
region1,free_transmission:region1-1,power,2005-01-01 09:00:00,0.0
region1,free_transmission:region1-1,power,2005-01-01 10:00:00,0.0
region1,free_transmission:region1-1,power,2005-01-01 11:00:00,0.0
region1,free_transmission:region1-1,power,2005-01-01 12:00:00,0.0
region1,free_transmission:region1-1,power,2005-01-01 13:00:00,0.0
region1,free_transmission:region1-1,power,2005-01-01 14:00:00,0.0
region1,free_transmission:region1-1,power,2005-01-01 15:00:00,0.0
region1,free_transmission:region1-1,power,2005-01-01 16:00:00,0.0
region1,free_transmission:region1-1,power,2005-01-01 17:00:00,0.0
region1,free_transmission:region1-1,power,2005-01-01 18:00:00,0.0
region1,free_transmission:region1-1,power,2005-01-01 19:00:00,0.0
region1,free_transmission:region1-1,power,2005-01-01 20:00:00,0.0
region1,free_transmission:region1-1,power,2005-01-01 21:00:00,0.0
region1,free_transmission:region1-1,power,2005-01-01 22:00:00,0.0
region1,free_transmission:region1-1,power,2005-01-01 23:00:00,0.0
region1,free_transmission:region1-1,power,2005-01-02 00:00:00,0.0
region1,free_transmission:region1-1,power,2005-01-02 01:00:00,0.0
region1,free_transmission:region1-1,power,2005-01-02 02:00:00,0.0
region1,free_transmission:region1-1,power,2005-01-02 03:00:00,0.0
region1,free_transmission:region1-1,power,2005-01-02 04:00:00,0.0
region1,free_transmission:region1-1,power,2005-01-02 05:00:00,0.0
region1,free_transmission:region1-1,power,2005-01-02 06:00:00,0.0
region1,free_transmission:region1-1,power,2005-01-02 07:00:00,0.0
region1,free_transmission:region1-1,power,2005-01-02 08:00:00,0.0
region1,free_transmission:region1-1,power,2005-01-02 09:00:00,0.0
region1,free_transmission:region1-1,power,2005-01-02 10:00:00,0.0
region1,free_transmission:region1-1,power,2005-01-02 11:00:00,0.0
region1,free_transmission:region1-1,power,2005-01-02 12:00:00,0.0
region1,free_transmission:region1-1,power,2005-01-02 13:00:00,0.0
region1,free_transmission:region1-1,power,2005-01-02 14:00:00,0.0
region1,free_transmission:region1-1,power,2005-01-02 15:00:00,0.0
region1,free_transmission:region1-1,power,2005-01-02 16:00:00,0.0
region1,free_transmission:region1-1,power,2005-01-02 17:00:00,0.0
region1,free_transmission:region1-1,power,2005-01-02 18:00:00,0.0
region1,free_transmission:region1-1,power,2005-01-02 19:00:00,0.0
region1,free_transmission:region1-1,power,2005-01-02 20:00:00,0.0
region1,free_transmission:region1-1,power,2005-01-02 21:00:00,0.0
region1,free_transmission:region1-1,power,2005-01-02 22:00:00,0.0
region1,free_transmission:region1-1,power,2005-01-02 23:00:00,0.0
region1,free_transmission:region1-1,power,2005-01-03 00:00:00,0.0
region1,free_transmission:region1-1,power,2005-01-03 01:00:00,0.0
region1,free_transmission:region1-1,power,2005-01-03 02:00:00,0.0
region1,free_transmission:region1-1,power,2005-01-03 03:00:00,0.0
region1,free_transmission:region1-1,power,2005-01-03 04:00:00,0.0
region1,free_transmission:region1-1,power,2005-01-03 05:00:00,0.0
region1,free_transmission:region1-1,power,2005-01-03 06:00:00,0.0
region1,free_transmission:region1-1,power,2005-01-03 07:00:00,0.0
region1,free_transmission:region1-1,power,2005-01-03 08:00:00,0.0
region1,free_transmission:region1-1,power,2005-01-03 09:00:00,0.0
region1,free_transmission:region1-1,power,2005-01-03 10:00:00,0.0
region1,free_transmission:region1-1,power,2005-01-03 11:00:00,0.0
region1,free_transmission:region1-1,power,2005-01-03 12:00:00,0.0
region1,free_transmission:region1-1,power,2005-01-03 13:00:00,0.0
region1,free_transmission:region1-1,power,2005-01-03 14:00:00,0.0
region1,free_transmission:region1-1,power,2005-01-03 15:00:00,0.0
region1,free_transmission:region1-1,power,2005-01-03 16:00:00,0.0
region1,free_transmission:region1-1,power,2005-01-03 17:00:00,0.0
region1,free_transmission:region1-1,power,2005-01-03 18:00:00,0.0
region1,free_transmission:region1-1,power,2005-01-03 19:00:00,0.0
region1,free_transmission:region1-1,power,2005-01-03 20:00:00,0.0
region1,free_transmission:region1-1,power,2005-01-03 21:00:00,0.0
region1,free_transmission:region1-1,power,2005-01-03 22:00:00,0.0
region1,free_transmission:region1-1,power,2005-01-03 23:00:00,0.0
region1,free_transmission:region1-1,power,2005-01-04 00:00:00,0.0
region1,free_transmission:region1-1,power,2005-01-04 01:00:00,0.0
region1,free_transmission:region1-1,power,2005-01-04 02:00:00,0.0
region1,free_transmission:region1-1,power,2005-01-04 03:00:00,0.0
region1,free_transmission:region1-1,power,2005-01-04 04:00:00,0.0
region1,free_transmission:region1-1,power,2005-01-04 05:00:00,0.0
region1,free_transmission:region1-1,power,2005-01-04 06:00:00,0.0
region1,free_transmission:region1-1,power,2005-01-04 07:00:00,0.0
region1,free_transmission:region1-1,power,2005-01-04 08:00:00,0.0
region1,free_transmission:region1-1,power,2005-01-04 09:00:00,0.0
region1,free_transmission:region1-1,power,2005-01-04 10:00:00,0.0
region1,free_transmission:region1-1,power,2005-01-04 11:00:00,0.0
region1,free_transmission:region1-1,power,2005-01-04 12:00:00,0.0
region1,free_transmission:region1-1,power,2005-01-04 13:00:00,0.0
region1,free_transmission:region1-1,power,2005-01-04 14:00:00,0.0
region1,free_transmission:region1-1,power,2005-01-04 15:00:00,0.0
region1,free_transmission:region1-1,power,2005-01-04 16:00:00,0.0
region1,free_transmission:region1-1,power,2005-01-04 17:00:00,0.0
region1,free_transmission:region1-1,power,2005-01-04 18:00:00,0.0
region1,free_transmission:region1-1,power,2005-01-04 19:00:00,0.0
region1,free_transmission:region1-1,power,2005-01-04 20:00:00,0.0
region1,free_transmission:region1-1,power,2005-01-04 21:00:00,0.0
region1,free_transmission:region1-1,power,2005-01-04 22:00:00,0.0
region1,free_transmission:region1-1,power,2005-01-04 23:00:00,0.0
region1,free_transmission:region1-1,power,2005-01-05 00:00:00,0.0
region1,free_transmission:region1-1,power,2005-01-05 01:00:00,0.0
region1,free_transmission:region1-1,power,2005-01-05 02:00:00,0.0
region1,free_transmission:region1-1,power,2005-01-05 03:00:00,0.0
region1,free_transmission:region1-1,power,2005-01-05 04:00:00,0.0
region1,free_transmission:region1-1,power,2005-01-05 05:00:00,0.0
region1,free_transmission:region1-1,power,2005-01-05 06:00:00,0.0
region1,free_transmission:region1-1,power,2005-01-05 07:00:00,0.0
region1,free_transmission:region1-1,power,2005-01-05 08:00:00,0.0
region1,free_transmission:region1-1,power,2005-01-05 09:00:00,0.0
region1,free_transmission:region1-1,power,2005-01-05 10:00:00,0.0
region1,free_transmission:region1-1,power,2005-01-05 11:00:00,0.0
region1,free_transmission:region1-1,power,2005-01-05 12:00:00,0.0
region1,free_transmission:region1-1,power,2005-01-05 13:00:00,0.0
region1,free_transmission:region1-1,power,2005-01-05 14:00:00,0.0
region1,free_transmission:region1-1,power,2005-01-05 15:00:00,0.0
region1,free_transmission:region1-1,power,2005-01-05 16:00:00,0.0
region1,free_transmission:region1-1,power,2005-01-05 17:00:00,0.0
region1,free_transmission:region1-1,power,2005-01-05 18:00:00,0.0
region1,free_transmission:region1-1,power,2005-01-05 19:00:00,0.0
region1,free_transmission:region1-1,power,2005-01-05 20:00:00,0.0
region1,free_transmission:region1-1,power,2005-01-05 21:00:00,0.0
region1,free_transmission:region1-1,power,2005-01-05 22:00:00,0.0
region1,free_transmission:region1-1,power,2005-01-05 23:00:00,0.0
region1,free_transmission:region1-2,power,2005-01-01 00:00:00,0.0
region1,free_transmission:region1-2,power,2005-01-01 01:00:00,0.0
region1,free_transmission:region1-2,power,2005-01-01 02:00:00,0.0
region1,free_transmission:region1-2,power,2005-01-01 03:00:00,0.0
region1,free_transmission:region1-2,power,2005-01-01 04:00:00,0.0
region1,free_transmission:region1-2,power,2005-01-01 05:00:00,0.0
region1,free_transmission:region1-2,power,2005-01-01 06:00:00,0.0
region1,free_transmission:region1-2,power,2005-01-01 07:00:00,0.0
region1,free_transmission:region1-2,power,2005-01-01 08:00:00,0.0
region1,free_transmission:region1-2,power,2005-01-01 09:00:00,0.0
region1,free_transmission:region1-2,power,2005-01-01 10:00:00,0.0
region1,free_transmission:region1-2,power,2005-01-01 11:00:00,0.0
region1,free_transmission:region1-2,power,2005-01-01 12:00:00,0.0
region1,free_transmission:region1-2,power,2005-01-01 13:00:00,0.0
region1,free_transmission:region1-2,power,2005-01-01 14:00:00,0.0
region1,free_transmission:region1-2,power,2005-01-01 15:00:00,0.0
region1,free_transmission:region1-2,power,2005-01-01 16:00:00,0.0
region1,free_transmission:region1-2,power,2005-01-01 17:00:00,0.0
region1,free_transmission:region1-2,power,2005-01-01 18:00:00,0.0
region1,free_transmission:region1-2,power,2005-01-01 19:00:00,0.0
region1,free_transmission:region1-2,power,2005-01-01 20:00:00,0.0
region1,free_transmission:region1-2,power,2005-01-01 21:00:00,0.0
region1,free_transmission:region1-2,power,2005-01-01 22:00:00,0.0
region1,free_transmission:region1-2,power,2005-01-01 23:00:00,0.0
region1,free_transmission:region1-2,power,2005-01-02 00:00:00,0.0
region1,free_transmission:region1-2,power,2005-01-02 01:00:00,0.0
region1,free_transmission:region1-2,power,2005-01-02 02:00:00,0.0
region1,free_transmission:region1-2,power,2005-01-02 03:00:00,0.0
region1,free_transmission:region1-2,power,2005-01-02 04:00:00,0.0
region1,free_transmission:region1-2,power,2005-01-02 05:00:00,0.0
region1,free_transmission:region1-2,power,2005-01-02 06:00:00,0.0
region1,free_transmission:region1-2,power,2005-01-02 07:00:00,0.0
region1,free_transmission:region1-2,power,2005-01-02 08:00:00,0.0
region1,free_transmission:region1-2,power,2005-01-02 09:00:00,0.0
region1,free_transmission:region1-2,power,2005-01-02 10:00:00,0.0
region1,free_transmission:region1-2,power,2005-01-02 11:00:00,0.0
region1,free_transmission:region1-2,power,2005-01-02 12:00:00,0.0
region1,free_transmission:region1-2,power,2005-01-02 13:00:00,0.0
region1,free_transmission:region1-2,power,2005-01-02 14:00:00,0.0
region1,free_transmission:region1-2,power,2005-01-02 15:00:00,0.0
region1,free_transmission:region1-2,power,2005-01-02 16:00:00,0.0
region1,free_transmission:region1-2,power,2005-01-02 17:00:00,0.0
region1,free_transmission:region1-2,power,2005-01-02 18:00:00,0.0
region1,free_transmission:region1-2,power,2005-01-02 19:00:00,0.0
region1,free_transmission:region1-2,power,2005-01-02 20:00:00,0.0
region1,free_transmission:region1-2,power,2005-01-02 21:00:00,0.0
region1,free_transmission:region1-2,power,2005-01-02 22:00:00,0.0
region1,free_transmission:region1-2,power,2005-01-02 23:00:00,0.0
region1,free_transmission:region1-2,power,2005-01-03 00:00:00,0.0
region1,free_transmission:region1-2,power,2005-01-03 01:00:00,0.0
region1,free_transmission:region1-2,power,2005-01-03 02:00:00,0.0
region1,free_transmission:region1-2,power,2005-01-03 03:00:00,0.0
region1,free_transmission:region1-2,power,2005-01-03 04:00:00,0.0
region1,free_transmission:region1-2,power,2005-01-03 05:00:00,0.0
region1,free_transmission:region1-2,power,2005-01-03 06:00:00,0.0
region1,free_transmission:region1-2,power,2005-01-03 07:00:00,0.0
region1,free_transmission:region1-2,power,2005-01-03 08:00:00,0.0
region1,free_transmission:region1-2,power,2005-01-03 09:00:00,0.0
region1,free_transmission:region1-2,power,2005-01-03 10:00:00,0.0
region1,free_transmission:region1-2,power,2005-01-03 11:00:00,0.0
region1,free_transmission:region1-2,power,2005-01-03 12:00:00,0.0
region1,free_transmission:region1-2,power,2005-01-03 13:00:00,0.0
region1,free_transmission:region1-2,power,2005-01-03 14:00:00,0.0
region1,free_transmission:region1-2,power,2005-01-03 15:00:00,0.0
region1,free_transmission:region1-2,power,2005-01-03 16:00:00,0.0
region1,free_transmission:region1-2,power,2005-01-03 17:00:00,0.0
region1,free_transmission:region1-2,power,2005-01-03 18:00:00,0.0
region1,free_transmission:region1-2,power,2005-01-03 19:00:00,0.0
region1,free_transmission:region1-2,power,2005-01-03 20:00:00,0.0
region1,free_transmission:region1-2,power,2005-01-03 21:00:00,0.0
region1,free_transmission:region1-2,power,2005-01-03 22:00:00,0.0
region1,free_transmission:region1-2,power,2005-01-03 23:00:00,0.0
region1,free_transmission:region1-2,power,2005-01-04 00:00:00,0.0
region1,free_transmission:region1-2,power,2005-01-04 01:00:00,0.0
region1,free_transmission:region1-2,power,2005-01-04 02:00:00,0.0
region1,free_transmission:region1-2,power,2005-01-04 03:00:00,0.0
region1,free_transmission:region1-2,power,2005-01-04 04:00:00,0.0
region1,free_transmission:region1-2,power,2005-01-04 05:00:00,0.0
region1,free_transmission:region1-2,power,2005-01-04 06:00:00,0.0
region1,free_transmission:region1-2,power,2005-01-04 07:00:00,0.0
region1,free_transmission:region1-2,power,2005-01-04 08:00:00,0.0
region1,free_transmission:region1-2,power,2005-01-04 09:00:00,0.0
region1,free_transmission:region1-2,power,2005-01-04 10:00:00,0.0
region1,free_transmission:region1-2,power,2005-01-04 11:00:00,0.0
region1,free_transmission:region1-2,power,2005-01-04 12:00:00,0.0
region1,free_transmission:region1-2,power,2005-01-04 13:00:00,0.0
region1,free_transmission:region1-2,power,2005-01-04 14:00:00,0.0
region1,free_transmission:region1-2,power,2005-01-04 15:00:00,0.0
region1,free_transmission:region1-2,power,2005-01-04 16:00:00,0.0
region1,free_transmission:region1-2,power,2005-01-04 17:00:00,0.0
region1,free_transmission:region1-2,power,2005-01-04 18:00:00,0.0
region1,free_transmission:region1-2,power,2005-01-04 19:00:00,0.0
region1,free_transmission:region1-2,power,2005-01-04 20:00:00,0.0
region1,free_transmission:region1-2,power,2005-01-04 21:00:00,0.0
region1,free_transmission:region1-2,power,2005-01-04 22:00:00,0.0
region1,free_transmission:region1-2,power,2005-01-04 23:00:00,0.0
region1,free_transmission:region1-2,power,2005-01-05 00:00:00,0.0
region1,free_transmission:region1-2,power,2005-01-05 01:00:00,0.0
region1,free_transmission:region1-2,power,2005-01-05 02:00:00,0.0
region1,free_transmission:region1-2,power,2005-01-05 03:00:00,0.0
region1,free_transmission:region1-2,power,2005-01-05 04:00:00,0.0
region1,free_transmission:region1-2,power,2005-01-05 05:00:00,0.0
region1,free_transmission:region1-2,power,2005-01-05 06:00:00,0.0
region1,free_transmission:region1-2,power,2005-01-05 07:00:00,0.0
region1,free_transmission:region1-2,power,2005-01-05 08:00:00,0.0
region1,free_transmission:region1-2,power,2005-01-05 09:00:00,0.0
region1,free_transmission:region1-2,power,2005-01-05 10:00:00,0.0
region1,free_transmission:region1-2,power,2005-01-05 11:00:00,0.0
region1,free_transmission:region1-2,power,2005-01-05 12:00:00,0.0
region1,free_transmission:region1-2,power,2005-01-05 13:00:00,0.0
region1,free_transmission:region1-2,power,2005-01-05 14:00:00,0.0
region1,free_transmission:region1-2,power,2005-01-05 15:00:00,0.0
region1,free_transmission:region1-2,power,2005-01-05 16:00:00,0.0
region1,free_transmission:region1-2,power,2005-01-05 17:00:00,0.0
region1,free_transmission:region1-2,power,2005-01-05 18:00:00,0.0
region1,free_transmission:region1-2,power,2005-01-05 19:00:00,0.0
region1,free_transmission:region1-2,power,2005-01-05 20:00:00,0.0
region1,free_transmission:region1-2,power,2005-01-05 21:00:00,0.0
region1,free_transmission:region1-2,power,2005-01-05 22:00:00,0.0
region1,free_transmission:region1-2,power,2005-01-05 23:00:00,0.0
region1,free_transmission:region1-3,power,2005-01-01 00:00:00,0.0
region1,free_transmission:region1-3,power,2005-01-01 01:00:00,0.0
region1,free_transmission:region1-3,power,2005-01-01 02:00:00,0.0
region1,free_transmission:region1-3,power,2005-01-01 03:00:00,0.0
region1,free_transmission:region1-3,power,2005-01-01 04:00:00,0.0
region1,free_transmission:region1-3,power,2005-01-01 05:00:00,0.0
region1,free_transmission:region1-3,power,2005-01-01 06:00:00,0.0
region1,free_transmission:region1-3,power,2005-01-01 07:00:00,0.0
region1,free_transmission:region1-3,power,2005-01-01 08:00:00,0.0
region1,free_transmission:region1-3,power,2005-01-01 09:00:00,0.0
region1,free_transmission:region1-3,power,2005-01-01 10:00:00,0.0
region1,free_transmission:region1-3,power,2005-01-01 11:00:00,0.0
region1,free_transmission:region1-3,power,2005-01-01 12:00:00,0.0
region1,free_transmission:region1-3,power,2005-01-01 13:00:00,0.0
region1,free_transmission:region1-3,power,2005-01-01 14:00:00,0.0
region1,free_transmission:region1-3,power,2005-01-01 15:00:00,0.0
region1,free_transmission:region1-3,power,2005-01-01 16:00:00,0.0
region1,free_transmission:region1-3,power,2005-01-01 17:00:00,0.0
region1,free_transmission:region1-3,power,2005-01-01 18:00:00,0.0
region1,free_transmission:region1-3,power,2005-01-01 19:00:00,0.0
region1,free_transmission:region1-3,power,2005-01-01 20:00:00,0.0
region1,free_transmission:region1-3,power,2005-01-01 21:00:00,0.0
region1,free_transmission:region1-3,power,2005-01-01 22:00:00,0.0
region1,free_transmission:region1-3,power,2005-01-01 23:00:00,0.0
region1,free_transmission:region1-3,power,2005-01-02 00:00:00,0.0
region1,free_transmission:region1-3,power,2005-01-02 01:00:00,0.0
region1,free_transmission:region1-3,power,2005-01-02 02:00:00,0.0
region1,free_transmission:region1-3,power,2005-01-02 03:00:00,0.0
region1,free_transmission:region1-3,power,2005-01-02 04:00:00,0.0
region1,free_transmission:region1-3,power,2005-01-02 05:00:00,0.0
region1,free_transmission:region1-3,power,2005-01-02 06:00:00,0.0
region1,free_transmission:region1-3,power,2005-01-02 07:00:00,0.0
region1,free_transmission:region1-3,power,2005-01-02 08:00:00,0.0
region1,free_transmission:region1-3,power,2005-01-02 09:00:00,0.0
region1,free_transmission:region1-3,power,2005-01-02 10:00:00,0.0
region1,free_transmission:region1-3,power,2005-01-02 11:00:00,0.0
region1,free_transmission:region1-3,power,2005-01-02 12:00:00,0.0
region1,free_transmission:region1-3,power,2005-01-02 13:00:00,0.0
region1,free_transmission:region1-3,power,2005-01-02 14:00:00,0.0
region1,free_transmission:region1-3,power,2005-01-02 15:00:00,0.0
region1,free_transmission:region1-3,power,2005-01-02 16:00:00,0.0
region1,free_transmission:region1-3,power,2005-01-02 17:00:00,0.0
region1,free_transmission:region1-3,power,2005-01-02 18:00:00,0.0
region1,free_transmission:region1-3,power,2005-01-02 19:00:00,0.0
region1,free_transmission:region1-3,power,2005-01-02 20:00:00,0.0
region1,free_transmission:region1-3,power,2005-01-02 21:00:00,0.0
region1,free_transmission:region1-3,power,2005-01-02 22:00:00,0.0
region1,free_transmission:region1-3,power,2005-01-02 23:00:00,0.0
region1,free_transmission:region1-3,power,2005-01-03 00:00:00,0.0
region1,free_transmission:region1-3,power,2005-01-03 01:00:00,0.0
region1,free_transmission:region1-3,power,2005-01-03 02:00:00,0.0
region1,free_transmission:region1-3,power,2005-01-03 03:00:00,0.0
region1,free_transmission:region1-3,power,2005-01-03 04:00:00,0.0
region1,free_transmission:region1-3,power,2005-01-03 05:00:00,0.0
region1,free_transmission:region1-3,power,2005-01-03 06:00:00,0.0
region1,free_transmission:region1-3,power,2005-01-03 07:00:00,0.0
region1,free_transmission:region1-3,power,2005-01-03 08:00:00,0.0
region1,free_transmission:region1-3,power,2005-01-03 09:00:00,0.0
region1,free_transmission:region1-3,power,2005-01-03 10:00:00,0.0
region1,free_transmission:region1-3,power,2005-01-03 11:00:00,0.0
region1,free_transmission:region1-3,power,2005-01-03 12:00:00,0.0
region1,free_transmission:region1-3,power,2005-01-03 13:00:00,0.0
region1,free_transmission:region1-3,power,2005-01-03 14:00:00,0.0
region1,free_transmission:region1-3,power,2005-01-03 15:00:00,0.0
region1,free_transmission:region1-3,power,2005-01-03 16:00:00,-566.079999999995
region1,free_transmission:region1-3,power,2005-01-03 17:00:00,0.0
region1,free_transmission:region1-3,power,2005-01-03 18:00:00,0.0
region1,free_transmission:region1-3,power,2005-01-03 19:00:00,0.0
region1,free_transmission:region1-3,power,2005-01-03 20:00:00,0.0
region1,free_transmission:region1-3,power,2005-01-03 21:00:00,0.0
region1,free_transmission:region1-3,power,2005-01-03 22:00:00,0.0
region1,free_transmission:region1-3,power,2005-01-03 23:00:00,0.0
region1,free_transmission:region1-3,power,2005-01-04 00:00:00,0.0
region1,free_transmission:region1-3,power,2005-01-04 01:00:00,0.0
region1,free_transmission:region1-3,power,2005-01-04 02:00:00,0.0
region1,free_transmission:region1-3,power,2005-01-04 03:00:00,0.0
region1,free_transmission:region1-3,power,2005-01-04 04:00:00,0.0
region1,free_transmission:region1-3,power,2005-01-04 05:00:00,0.0
region1,free_transmission:region1-3,power,2005-01-04 06:00:00,0.0
region1,free_transmission:region1-3,power,2005-01-04 07:00:00,0.0
region1,free_transmission:region1-3,power,2005-01-04 08:00:00,0.0
region1,free_transmission:region1-3,power,2005-01-04 09:00:00,0.0
region1,free_transmission:region1-3,power,2005-01-04 10:00:00,0.0
region1,free_transmission:region1-3,power,2005-01-04 11:00:00,0.0
region1,free_transmission:region1-3,power,2005-01-04 12:00:00,0.0
region1,free_transmission:region1-3,power,2005-01-04 13:00:00,0.0
region1,free_transmission:region1-3,power,2005-01-04 14:00:00,0.0
region1,free_transmission:region1-3,power,2005-01-04 15:00:00,0.0
region1,free_transmission:region1-3,power,2005-01-04 16:00:00,0.0
region1,free_transmission:region1-3,power,2005-01-04 17:00:00,0.0
region1,free_transmission:region1-3,power,2005-01-04 18:00:00,0.0
region1,free_transmission:region1-3,power,2005-01-04 19:00:00,0.0
region1,free_transmission:region1-3,power,2005-01-04 20:00:00,0.0
region1,free_transmission:region1-3,power,2005-01-04 21:00:00,0.0
region1,free_transmission:region1-3,power,2005-01-04 22:00:00,0.0
region1,free_transmission:region1-3,power,2005-01-04 23:00:00,0.0
region1,free_transmission:region1-3,power,2005-01-05 00:00:00,0.0
region1,free_transmission:region1-3,power,2005-01-05 01:00:00,0.0
region1,free_transmission:region1-3,power,2005-01-05 02:00:00,0.0
region1,free_transmission:region1-3,power,2005-01-05 03:00:00,0.0
region1,free_transmission:region1-3,power,2005-01-05 04:00:00,0.0
region1,free_transmission:region1-3,power,2005-01-05 05:00:00,0.0
region1,free_transmission:region1-3,power,2005-01-05 06:00:00,0.0
region1,free_transmission:region1-3,power,2005-01-05 07:00:00,0.0
region1,free_transmission:region1-3,power,2005-01-05 08:00:00,0.0
region1,free_transmission:region1-3,power,2005-01-05 09:00:00,0.0
region1,free_transmission:region1-3,power,2005-01-05 10:00:00,0.0
region1,free_transmission:region1-3,power,2005-01-05 11:00:00,0.0
region1,free_transmission:region1-3,power,2005-01-05 12:00:00,0.0
region1,free_transmission:region1-3,power,2005-01-05 13:00:00,0.0
region1,free_transmission:region1-3,power,2005-01-05 14:00:00,0.0
region1,free_transmission:region1-3,power,2005-01-05 15:00:00,0.0
region1,free_transmission:region1-3,power,2005-01-05 16:00:00,0.0
region1,free_transmission:region1-3,power,2005-01-05 17:00:00,0.0
region1,free_transmission:region1-3,power,2005-01-05 18:00:00,0.0
region1,free_transmission:region1-3,power,2005-01-05 19:00:00,0.0
region1,free_transmission:region1-3,power,2005-01-05 20:00:00,0.0
region1,free_transmission:region1-3,power,2005-01-05 21:00:00,0.0
region1,free_transmission:region1-3,power,2005-01-05 22:00:00,0.0
region1,free_transmission:region1-3,power,2005-01-05 23:00:00,0.0
region2,ac_transmission:region1,power,2005-01-01 00:00:00,0.0
region2,ac_transmission:region1,power,2005-01-01 01:00:00,0.0
region2,ac_transmission:region1,power,2005-01-01 02:00:00,0.0
region2,ac_transmission:region1,power,2005-01-01 03:00:00,0.0
region2,ac_transmission:region1,power,2005-01-01 04:00:00,0.0
region2,ac_transmission:region1,power,2005-01-01 05:00:00,0.0
region2,ac_transmission:region1,power,2005-01-01 06:00:00,0.0
region2,ac_transmission:region1,power,2005-01-01 07:00:00,0.0
region2,ac_transmission:region1,power,2005-01-01 08:00:00,0.0
region2,ac_transmission:region1,power,2005-01-01 09:00:00,0.0
region2,ac_transmission:region1,power,2005-01-01 10:00:00,0.0
region2,ac_transmission:region1,power,2005-01-01 11:00:00,0.0
region2,ac_transmission:region1,power,2005-01-01 12:00:00,0.0
region2,ac_transmission:region1,power,2005-01-01 13:00:00,0.0
region2,ac_transmission:region1,power,2005-01-01 14:00:00,0.0
region2,ac_transmission:region1,power,2005-01-01 15:00:00,0.0
region2,ac_transmission:region1,power,2005-01-01 16:00:00,0.0
region2,ac_transmission:region1,power,2005-01-01 17:00:00,0.0
region2,ac_transmission:region1,power,2005-01-01 18:00:00,0.0
region2,ac_transmission:region1,power,2005-01-01 19:00:00,0.0
region2,ac_transmission:region1,power,2005-01-01 20:00:00,0.0
region2,ac_transmission:region1,power,2005-01-01 21:00:00,0.0
region2,ac_transmission:region1,power,2005-01-01 22:00:00,0.0
region2,ac_transmission:region1,power,2005-01-01 23:00:00,0.0
region2,ac_transmission:region1,power,2005-01-02 00:00:00,0.0
region2,ac_transmission:region1,power,2005-01-02 01:00:00,0.0
region2,ac_transmission:region1,power,2005-01-02 02:00:00,0.0
region2,ac_transmission:region1,power,2005-01-02 03:00:00,0.0
region2,ac_transmission:region1,power,2005-01-02 04:00:00,0.0
region2,ac_transmission:region1,power,2005-01-02 05:00:00,0.0
region2,ac_transmission:region1,power,2005-01-02 06:00:00,0.0
region2,ac_transmission:region1,power,2005-01-02 07:00:00,0.0
region2,ac_transmission:region1,power,2005-01-02 08:00:00,0.0
region2,ac_transmission:region1,power,2005-01-02 09:00:00,0.0
region2,ac_transmission:region1,power,2005-01-02 10:00:00,0.0
region2,ac_transmission:region1,power,2005-01-02 11:00:00,0.0
region2,ac_transmission:region1,power,2005-01-02 12:00:00,0.0
region2,ac_transmission:region1,power,2005-01-02 13:00:00,0.0
region2,ac_transmission:region1,power,2005-01-02 14:00:00,0.0
region2,ac_transmission:region1,power,2005-01-02 15:00:00,0.0
region2,ac_transmission:region1,power,2005-01-02 16:00:00,0.0
region2,ac_transmission:region1,power,2005-01-02 17:00:00,0.0
region2,ac_transmission:region1,power,2005-01-02 18:00:00,0.0
region2,ac_transmission:region1,power,2005-01-02 19:00:00,0.0
region2,ac_transmission:region1,power,2005-01-02 20:00:00,0.0
region2,ac_transmission:region1,power,2005-01-02 21:00:00,0.0
region2,ac_transmission:region1,power,2005-01-02 22:00:00,0.0
region2,ac_transmission:region1,power,2005-01-02 23:00:00,0.0
region2,ac_transmission:region1,power,2005-01-03 00:00:00,0.0
region2,ac_transmission:region1,power,2005-01-03 01:00:00,0.0
region2,ac_transmission:region1,power,2005-01-03 02:00:00,0.0
region2,ac_transmission:region1,power,2005-01-03 03:00:00,0.0
region2,ac_transmission:region1,power,2005-01-03 04:00:00,0.0
region2,ac_transmission:region1,power,2005-01-03 05:00:00,0.0
region2,ac_transmission:region1,power,2005-01-03 06:00:00,0.0
region2,ac_transmission:region1,power,2005-01-03 07:00:00,0.0
region2,ac_transmission:region1,power,2005-01-03 08:00:00,0.0
region2,ac_transmission:region1,power,2005-01-03 09:00:00,0.0
region2,ac_transmission:region1,power,2005-01-03 10:00:00,0.0
region2,ac_transmission:region1,power,2005-01-03 11:00:00,0.0
region2,ac_transmission:region1,power,2005-01-03 12:00:00,0.0
region2,ac_transmission:region1,power,2005-01-03 13:00:00,0.0
region2,ac_transmission:region1,power,2005-01-03 14:00:00,0.0
region2,ac_transmission:region1,power,2005-01-03 15:00:00,0.0
region2,ac_transmission:region1,power,2005-01-03 16:00:00,0.0
region2,ac_transmission:region1,power,2005-01-03 17:00:00,0.0
region2,ac_transmission:region1,power,2005-01-03 18:00:00,0.0
region2,ac_transmission:region1,power,2005-01-03 19:00:00,0.0
region2,ac_transmission:region1,power,2005-01-03 20:00:00,0.0
region2,ac_transmission:region1,power,2005-01-03 21:00:00,0.0
region2,ac_transmission:region1,power,2005-01-03 22:00:00,0.0
region2,ac_transmission:region1,power,2005-01-03 23:00:00,0.0
region2,ac_transmission:region1,power,2005-01-04 00:00:00,0.0
region2,ac_transmission:region1,power,2005-01-04 01:00:00,0.0
region2,ac_transmission:region1,power,2005-01-04 02:00:00,0.0
region2,ac_transmission:region1,power,2005-01-04 03:00:00,0.0
region2,ac_transmission:region1,power,2005-01-04 04:00:00,0.0
region2,ac_transmission:region1,power,2005-01-04 05:00:00,0.0
region2,ac_transmission:region1,power,2005-01-04 06:00:00,0.0
region2,ac_transmission:region1,power,2005-01-04 07:00:00,0.0
region2,ac_transmission:region1,power,2005-01-04 08:00:00,0.0
region2,ac_transmission:region1,power,2005-01-04 09:00:00,0.0
region2,ac_transmission:region1,power,2005-01-04 10:00:00,0.0
region2,ac_transmission:region1,power,2005-01-04 11:00:00,0.0
region2,ac_transmission:region1,power,2005-01-04 12:00:00,0.0
region2,ac_transmission:region1,power,2005-01-04 13:00:00,0.0
region2,ac_transmission:region1,power,2005-01-04 14:00:00,0.0
region2,ac_transmission:region1,power,2005-01-04 15:00:00,0.0
region2,ac_transmission:region1,power,2005-01-04 16:00:00,0.0
region2,ac_transmission:region1,power,2005-01-04 17:00:00,0.0
region2,ac_transmission:region1,power,2005-01-04 18:00:00,0.0
region2,ac_transmission:region1,power,2005-01-04 19:00:00,0.0
region2,ac_transmission:region1,power,2005-01-04 20:00:00,0.0
region2,ac_transmission:region1,power,2005-01-04 21:00:00,0.0
region2,ac_transmission:region1,power,2005-01-04 22:00:00,0.0
region2,ac_transmission:region1,power,2005-01-04 23:00:00,0.0
region2,ac_transmission:region1,power,2005-01-05 00:00:00,0.0
region2,ac_transmission:region1,power,2005-01-05 01:00:00,0.0
region2,ac_transmission:region1,power,2005-01-05 02:00:00,0.0
region2,ac_transmission:region1,power,2005-01-05 03:00:00,0.0
region2,ac_transmission:region1,power,2005-01-05 04:00:00,0.0
region2,ac_transmission:region1,power,2005-01-05 05:00:00,0.0
region2,ac_transmission:region1,power,2005-01-05 06:00:00,0.0
region2,ac_transmission:region1,power,2005-01-05 07:00:00,0.0
region2,ac_transmission:region1,power,2005-01-05 08:00:00,0.0
region2,ac_transmission:region1,power,2005-01-05 09:00:00,0.0
region2,ac_transmission:region1,power,2005-01-05 10:00:00,0.0
region2,ac_transmission:region1,power,2005-01-05 11:00:00,0.0
region2,ac_transmission:region1,power,2005-01-05 12:00:00,0.0
region2,ac_transmission:region1,power,2005-01-05 13:00:00,0.0
region2,ac_transmission:region1,power,2005-01-05 14:00:00,0.0
region2,ac_transmission:region1,power,2005-01-05 15:00:00,0.0
region2,ac_transmission:region1,power,2005-01-05 16:00:00,0.0
region2,ac_transmission:region1,power,2005-01-05 17:00:00,0.0
region2,ac_transmission:region1,power,2005-01-05 18:00:00,0.0
region2,ac_transmission:region1,power,2005-01-05 19:00:00,0.0
region2,ac_transmission:region1,power,2005-01-05 20:00:00,0.0
region2,ac_transmission:region1,power,2005-01-05 21:00:00,0.0
region2,ac_transmission:region1,power,2005-01-05 22:00:00,0.0
region2,ac_transmission:region1,power,2005-01-05 23:00:00,0.0
region2,battery,power,2005-01-01 00:00:00,0.0
region2,battery,power,2005-01-01 01:00:00,0.0
region2,battery,power,2005-01-01 02:00:00,0.0
region2,battery,power,2005-01-01 03:00:00,0.0
region2,battery,power,2005-01-01 04:00:00,0.0
region2,battery,power,2005-01-01 05:00:00,0.0
region2,battery,power,2005-01-01 06:00:00,0.0
region2,battery,power,2005-01-01 07:00:00,0.0
region2,battery,power,2005-01-01 08:00:00,0.0
region2,battery,power,2005-01-01 09:00:00,0.0
region2,battery,power,2005-01-01 10:00:00,-327.870000000001
region2,battery,power,2005-01-01 11:00:00,-327.870000000001
region2,battery,power,2005-01-01 12:00:00,-368.852000000001
region2,battery,power,2005-01-01 13:00:00,-409.836000000001
region2,battery,power,2005-01-01 14:00:00,-450.820000000001
region2,battery,power,2005-01-01 15:00:00,-286.886000000002
region2,battery,power,2005-01-01 16:00:00,0.0
region2,battery,power,2005-01-01 17:00:00,0.0
region2,battery,power,2005-01-01 18:00:00,0.0
region2,battery,power,2005-01-01 19:00:00,0.0
region2,battery,power,2005-01-01 20:00:00,-122.952000000003
region2,battery,power,2005-01-01 21:00:00,-286.886000000001
region2,battery,power,2005-01-01 22:00:00,-491.804000000001
region2,battery,power,2005-01-01 23:00:00,-450.820000000001
region2,battery,power,2005-01-02 00:00:00,-491.804000000001
region2,battery,power,2005-01-02 01:00:00,-614.754000000001
region2,battery,power,2005-01-02 02:00:00,-112.347716343461
region2,battery,power,2005-01-02 03:00:00,-614.754000000001
region2,battery,power,2005-01-02 04:00:00,-520.028800000004
region2,battery,power,2005-01-02 05:00:00,0.0
region2,battery,power,2005-01-02 06:00:00,0.0
region2,battery,power,2005-01-02 07:00:00,0.0
region2,battery,power,2005-01-02 08:00:00,0.0
region2,battery,power,2005-01-02 09:00:00,0.0
region2,battery,power,2005-01-02 10:00:00,0.0
region2,battery,power,2005-01-02 11:00:00,0.0
region2,battery,power,2005-01-02 12:00:00,0.0
region2,battery,power,2005-01-02 13:00:00,0.0
region2,battery,power,2005-01-02 14:00:00,0.0
region2,battery,power,2005-01-02 15:00:00,0.0
region2,battery,power,2005-01-02 16:00:00,0.0
region2,battery,power,2005-01-02 17:00:00,0.0
region2,battery,power,2005-01-02 18:00:00,0.0
region2,battery,power,2005-01-02 19:00:00,0.0
region2,battery,power,2005-01-02 20:00:00,0.0
region2,battery,power,2005-01-02 21:00:00,0.0
region2,battery,power,2005-01-02 22:00:00,0.0
region2,battery,power,2005-01-02 23:00:00,0.0
region2,battery,power,2005-01-03 00:00:00,-491.804000000001
region2,battery,power,2005-01-03 01:00:00,-614.754000000001
region2,battery,power,2005-01-03 02:00:00,-655.738000000001
region2,battery,power,2005-01-03 03:00:00,-499.182116343535
region2,battery,power,2005-01-03 04:00:00,0.0
region2,battery,power,2005-01-03 05:00:00,0.0
region2,battery,power,2005-01-03 06:00:00,0.0
region2,battery,power,2005-01-03 07:00:00,0.0
region2,battery,power,2005-01-03 08:00:00,0.0
region2,battery,power,2005-01-03 09:00:00,0.0
region2,battery,power,2005-01-03 10:00:00,0.0
region2,battery,power,2005-01-03 11:00:00,0.0
region2,battery,power,2005-01-03 12:00:00,0.0
region2,battery,power,2005-01-03 13:00:00,0.0
region2,battery,power,2005-01-03 14:00:00,0.0
region2,battery,power,2005-01-03 15:00:00,0.0
region2,battery,power,2005-01-03 16:00:00,0.0
region2,battery,power,2005-01-03 17:00:00,0.0
region2,battery,power,2005-01-03 18:00:00,0.0
region2,battery,power,2005-01-03 19:00:00,0.0
region2,battery,power,2005-01-03 20:00:00,-122.952000000001
region2,battery,power,2005-01-03 21:00:00,-286.886000000001
region2,battery,power,2005-01-03 22:00:00,-491.804000000001
region2,battery,power,2005-01-03 23:00:00,-450.819999999908
region2,battery,power,2005-01-04 00:00:00,-491.803999999999
region2,battery,power,2005-01-04 01:00:00,-614.753999999999
region2,battery,power,2005-01-04 02:00:00,-655.738
region2,battery,power,2005-01-04 03:00:00,-614.753999999998
region2,battery,power,2005-01-04 04:00:00,-337.397695290861
region2,battery,power,2005-01-04 05:00:00,0.0
region2,battery,power,2005-01-04 06:00:00,0.0
region2,battery,power,2005-01-04 07:00:00,0.0
region2,battery,power,2005-01-04 08:00:00,0.0
region2,battery,power,2005-01-04 09:00:00,0.0
region2,battery,power,2005-01-04 10:00:00,-61.3167867035985
region2,battery,power,2005-01-04 11:00:00,0.0
region2,battery,power,2005-01-04 12:00:00,0.0
region2,battery,power,2005-01-04 13:00:00,0.0
region2,battery,power,2005-01-04 14:00:00,0.0
region2,battery,power,2005-01-04 15:00:00,0.0
region2,battery,power,2005-01-04 16:00:00,0.0
region2,battery,power,2005-01-04 17:00:00,0.0
region2,battery,power,2005-01-04 18:00:00,0.0
region2,battery,power,2005-01-04 19:00:00,0.0
region2,battery,power,2005-01-04 20:00:00,-122.951999999998
region2,battery,power,2005-01-04 21:00:00,-286.885999999998
region2,battery,power,2005-01-04 22:00:00,-491.803999999997
region2,battery,power,2005-01-04 23:00:00,-450.819999999998
region2,battery,power,2005-01-05 00:00:00,-491.803999999998
region2,battery,power,2005-01-05 01:00:00,-614.753999999998
region2,battery,power,2005-01-05 02:00:00,-655.737999999998
region2,battery,power,2005-01-05 03:00:00,-614.753999999998
region2,battery,power,2005-01-05 04:00:00,-573.769999999998
region2,battery,power,2005-01-05 05:00:00,-511.082986149603
region2,battery,power,2005-01-05 06:00:00,0.0
region2,battery,power,2005-01-05 07:00:00,0.0
region2,battery,power,2005-01-05 08:00:00,0.0
region2,battery,power,2005-01-05 09:00:00,0.0
region2,battery,power,2005-01-05 10:00:00,0.0
region2,battery,power,2005-01-05 11:00:00,-121.251200000002
region2,battery,power,2005-01-05 12:00:00,-265.4844
region2,battery,power,2005-01-05 13:00:00,-46.8580000000013
region2,battery,power,2005-01-05 14:00:00,0.0
region2,battery,power,2005-01-05 15:00:00,0.0
region2,battery,power,2005-01-05 16:00:00,0.0
region2,battery,power,2005-01-05 17:00:00,0.0
region2,battery,power,2005-01-05 18:00:00,0.0
region2,battery,power,2005-01-05 19:00:00,0.0
region2,battery,power,2005-01-05 20:00:00,0.0
region2,battery,power,2005-01-05 21:00:00,0.0
region2,battery,power,2005-01-05 22:00:00,0.0
region2,battery,power,2005-01-05 23:00:00,0.0
region2,demand_power,power,2005-01-01 00:00:00,-2254.098
region2,demand_power,power,2005-01-01 01:00:00,-2131.148
region2,demand_power,power,2005-01-01 02:00:00,-2090.164
region2,demand_power,power,2005-01-01 03:00:00,-2131.148
region2,demand_power,power,2005-01-01 04:00:00,-2172.132
region2,demand_power,power,2005-01-01 05:00:00,-2172.132
region2,demand_power,power,2005-01-01 06:00:00,-2213.114
region2,demand_power,power,2005-01-01 07:00:00,-2295.082
region2,demand_power,power,2005-01-01 08:00:00,-2459.016
region2,demand_power,power,2005-01-01 09:00:00,-2459.016
region2,demand_power,power,2005-01-01 10:00:00,-2418.032
region2,demand_power,power,2005-01-01 11:00:00,-2418.032
region2,demand_power,power,2005-01-01 12:00:00,-2377.05
region2,demand_power,power,2005-01-01 13:00:00,-2336.066
region2,demand_power,power,2005-01-01 14:00:00,-2295.082
region2,demand_power,power,2005-01-01 15:00:00,-2459.016
region2,demand_power,power,2005-01-01 16:00:00,-2909.836
region2,demand_power,power,2005-01-01 17:00:00,-2868.852
region2,demand_power,power,2005-01-01 18:00:00,-2786.886
region2,demand_power,power,2005-01-01 19:00:00,-2745.902
region2,demand_power,power,2005-01-01 20:00:00,-2622.95
region2,demand_power,power,2005-01-01 21:00:00,-2459.016
region2,demand_power,power,2005-01-01 22:00:00,-2254.098
region2,demand_power,power,2005-01-01 23:00:00,-2295.082
region2,demand_power,power,2005-01-02 00:00:00,-2254.098
region2,demand_power,power,2005-01-02 01:00:00,-2131.148
region2,demand_power,power,2005-01-02 02:00:00,-2090.164
region2,demand_power,power,2005-01-02 03:00:00,-2131.148
region2,demand_power,power,2005-01-02 04:00:00,-2172.132
region2,demand_power,power,2005-01-02 05:00:00,-2172.132
region2,demand_power,power,2005-01-02 06:00:00,-2213.114
region2,demand_power,power,2005-01-02 07:00:00,-2295.082
region2,demand_power,power,2005-01-02 08:00:00,-2459.016
region2,demand_power,power,2005-01-02 09:00:00,-2459.016
region2,demand_power,power,2005-01-02 10:00:00,-2418.032
region2,demand_power,power,2005-01-02 11:00:00,-2418.032
region2,demand_power,power,2005-01-02 12:00:00,-2377.05
region2,demand_power,power,2005-01-02 13:00:00,-2336.066
region2,demand_power,power,2005-01-02 14:00:00,-2295.082
region2,demand_power,power,2005-01-02 15:00:00,-2459.016
region2,demand_power,power,2005-01-02 16:00:00,-2909.836
region2,demand_power,power,2005-01-02 17:00:00,-2868.852
region2,demand_power,power,2005-01-02 18:00:00,-2786.886
region2,demand_power,power,2005-01-02 19:00:00,-2745.902
region2,demand_power,power,2005-01-02 20:00:00,-2622.95
region2,demand_power,power,2005-01-02 21:00:00,-2459.016
region2,demand_power,power,2005-01-02 22:00:00,-2254.098
region2,demand_power,power,2005-01-02 23:00:00,-2295.082
region2,demand_power,power,2005-01-03 00:00:00,-2254.098
region2,demand_power,power,2005-01-03 01:00:00,-2131.148
region2,demand_power,power,2005-01-03 02:00:00,-2090.164
region2,demand_power,power,2005-01-03 03:00:00,-2131.148
region2,demand_power,power,2005-01-03 04:00:00,-2172.132
region2,demand_power,power,2005-01-03 05:00:00,-2172.132
region2,demand_power,power,2005-01-03 06:00:00,-2213.114
region2,demand_power,power,2005-01-03 07:00:00,-2295.082
region2,demand_power,power,2005-01-03 08:00:00,-2459.016
region2,demand_power,power,2005-01-03 09:00:00,-2459.016
region2,demand_power,power,2005-01-03 10:00:00,-2418.032
region2,demand_power,power,2005-01-03 11:00:00,-2418.032
region2,demand_power,power,2005-01-03 12:00:00,-2377.05
region2,demand_power,power,2005-01-03 13:00:00,-2336.066
region2,demand_power,power,2005-01-03 14:00:00,-2295.082
region2,demand_power,power,2005-01-03 15:00:00,-2459.016
region2,demand_power,power,2005-01-03 16:00:00,-2909.836
region2,demand_power,power,2005-01-03 17:00:00,-2868.852
region2,demand_power,power,2005-01-03 18:00:00,-2786.886
region2,demand_power,power,2005-01-03 19:00:00,-2745.902
region2,demand_power,power,2005-01-03 20:00:00,-2622.95
region2,demand_power,power,2005-01-03 21:00:00,-2459.016
region2,demand_power,power,2005-01-03 22:00:00,-2254.098
region2,demand_power,power,2005-01-03 23:00:00,-2295.082
region2,demand_power,power,2005-01-04 00:00:00,-2254.098
region2,demand_power,power,2005-01-04 01:00:00,-2131.148
region2,demand_power,power,2005-01-04 02:00:00,-2090.164
region2,demand_power,power,2005-01-04 03:00:00,-2131.148
region2,demand_power,power,2005-01-04 04:00:00,-2172.132
region2,demand_power,power,2005-01-04 05:00:00,-2172.132
region2,demand_power,power,2005-01-04 06:00:00,-2213.114
region2,demand_power,power,2005-01-04 07:00:00,-2295.082
region2,demand_power,power,2005-01-04 08:00:00,-2459.016
region2,demand_power,power,2005-01-04 09:00:00,-2459.016
region2,demand_power,power,2005-01-04 10:00:00,-2418.032
region2,demand_power,power,2005-01-04 11:00:00,-2418.032
region2,demand_power,power,2005-01-04 12:00:00,-2377.05
region2,demand_power,power,2005-01-04 13:00:00,-2336.066
region2,demand_power,power,2005-01-04 14:00:00,-2295.082
region2,demand_power,power,2005-01-04 15:00:00,-2459.016
region2,demand_power,power,2005-01-04 16:00:00,-2909.836
region2,demand_power,power,2005-01-04 17:00:00,-2868.852
region2,demand_power,power,2005-01-04 18:00:00,-2786.886
region2,demand_power,power,2005-01-04 19:00:00,-2745.902
region2,demand_power,power,2005-01-04 20:00:00,-2622.95
region2,demand_power,power,2005-01-04 21:00:00,-2459.016
region2,demand_power,power,2005-01-04 22:00:00,-2254.098
region2,demand_power,power,2005-01-04 23:00:00,-2295.082
region2,demand_power,power,2005-01-05 00:00:00,-2254.098
region2,demand_power,power,2005-01-05 01:00:00,-2131.148
region2,demand_power,power,2005-01-05 02:00:00,-2090.164
region2,demand_power,power,2005-01-05 03:00:00,-2131.148
region2,demand_power,power,2005-01-05 04:00:00,-2172.132
region2,demand_power,power,2005-01-05 05:00:00,-2172.132
region2,demand_power,power,2005-01-05 06:00:00,-2213.114
region2,demand_power,power,2005-01-05 07:00:00,-2295.082
region2,demand_power,power,2005-01-05 08:00:00,-2459.016
region2,demand_power,power,2005-01-05 09:00:00,-2459.016
region2,demand_power,power,2005-01-05 10:00:00,-2418.032
region2,demand_power,power,2005-01-05 11:00:00,-2418.032
region2,demand_power,power,2005-01-05 12:00:00,-2377.05
region2,demand_power,power,2005-01-05 13:00:00,-2336.066
region2,demand_power,power,2005-01-05 14:00:00,-2295.082
region2,demand_power,power,2005-01-05 15:00:00,-2459.016
region2,demand_power,power,2005-01-05 16:00:00,-2909.836
region2,demand_power,power,2005-01-05 17:00:00,-2868.852
region2,demand_power,power,2005-01-05 18:00:00,-2786.886
region2,demand_power,power,2005-01-05 19:00:00,-2745.902
region2,demand_power,power,2005-01-05 20:00:00,-2622.95
region2,demand_power,power,2005-01-05 21:00:00,-2459.016
region2,demand_power,power,2005-01-05 22:00:00,-2254.098
region2,demand_power,power,2005-01-05 23:00:00,-2295.082
