region1-1,csp,power,2005-01-01 00:00:00,0.0
region1-1,csp,power,2005-01-01 01:00:00,0.0
region1-1,csp,power,2005-01-01 02:00:00,0.0
region1-1,csp,power,2005-01-01 03:00:00,0.0
region1-1,csp,power,2005-01-01 04:00:00,0.0
region1-1,csp,power,2005-01-01 05:00:00,0.0
region1-1,csp,power,2005-01-01 06:00:00,0.0
region1-1,csp,power,2005-01-01 07:00:00,0.0983161926335417
region1-1,csp,power,2005-01-01 08:00:00,0.9
region1-1,csp,power,2005-01-01 09:00:00,0.9
region1-1,csp,power,2005-01-01 10:00:00,0.9
region1-1,csp,power,2005-01-01 11:00:00,0.9
region1-1,csp,power,2005-01-01 12:00:00,0.9
region1-1,csp,power,2005-01-01 13:00:00,0.9
region1-1,csp,power,2005-01-01 14:00:00,0.9
region1-1,csp,power,2005-01-01 15:00:00,0.9
region1-1,csp,power,2005-01-01 16:00:00,0.9
region1-1,csp,power,2005-01-01 17:00:00,0.9
region1-1,csp,power,2005-01-01 18:00:00,0.9000000000000049
region1-1,csp,power,2005-01-01 19:00:00,0.8999999999999991
region1-1,csp,power,2005-01-01 20:00:00,0.9
region1-1,csp,power,2005-01-01 21:00:00,0.9
region1-1,csp,power,2005-01-01 22:00:00,0.6082917561492369
region1-1,csp,power,2005-01-01 23:00:00,0.0
region1-1,csp,power,2005-01-02 00:00:00,0.0
region1-1,csp,power,2005-01-02 01:00:00,0.0
region1-1,csp,power,2005-01-02 02:00:00,0.0
region1-1,csp,power,2005-01-02 03:00:00,0.0
region1-1,csp,power,2005-01-02 04:00:00,0.0
region1-1,csp,power,2005-01-02 05:00:00,0.18490494117647
region1-1,csp,power,2005-01-02 06:00:00,0.366599952941176
region1-1,csp,power,2005-01-02 07:00:00,0.489238447058823
region1-1,csp,power,2005-01-02 08:00:00,0.9
region1-1,csp,power,2005-01-02 09:00:00,0.9
region1-1,csp,power,2005-01-02 10:00:00,0.9
region1-1,csp,power,2005-01-02 11:00:00,0.9
region1-1,csp,power,2005-01-02 12:00:00,0.9
region1-1,csp,power,2005-01-02 13:00:00,0.9
region1-1,csp,power,2005-01-02 14:00:00,0.9
region1-1,csp,power,2005-01-02 15:00:00,0.9
region1-1,csp,power,2005-01-02 16:00:00,0.9
region1-1,csp,power,2005-01-02 17:00:00,0.9
region1-1,csp,power,2005-01-02 18:00:00,0.8560872941176471
region1-1,csp,power,2005-01-02 19:00:00,0.702172094117647
region1-1,csp,power,2005-01-02 20:00:00,0.529102352941176
region1-1,csp,power,2005-01-02 21:00:00,0.2939792
region1-1,csp,power,2005-01-02 22:00:00,0.0893479999999994
region1-1,csp,power,2005-01-02 23:00:00,0.0
region1-1,csp,power,2005-01-03 00:00:00,0.0
region1-1,csp,power,2005-01-03 01:00:00,0.0
region1-1,csp,power,2005-01-03 02:00:00,0.0
region1-1,csp,power,2005-01-03 03:00:00,0.0
region1-1,csp,power,2005-01-03 04:00:00,0.160724141176471
region1-1,csp,power,2005-01-03 05:00:00,0.44709854117647
region1-1,csp,power,2005-01-03 06:00:00,0.642945552941174
region1-1,csp,power,2005-01-03 07:00:00,0.749140847058824
region1-1,csp,power,2005-01-03 08:00:00,0.8141472
region1-1,csp,power,2005-01-03 09:00:00,0.8436096
region1-1,csp,power,2005-01-03 10:00:00,0.817271152941177
region1-1,csp,power,2005-01-03 11:00:00,0.786557552941177
region1-1,csp,power,2005-01-03 12:00:00,0.771529741176469
region1-1,csp,power,2005-01-03 13:00:00,0.800925694117647
region1-1,csp,power,2005-01-03 14:00:00,0.892632047058824
region1-1,csp,power,2005-01-03 15:00:00,0.9
region1-1,csp,power,2005-01-03 16:00:00,0.9
region1-1,csp,power,2005-01-03 17:00:00,0.9
region1-1,csp,power,2005-01-03 18:00:00,0.9
region1-1,csp,power,2005-01-03 19:00:00,0.808324094117646
region1-1,csp,power,2005-01-03 20:00:00,0.631416894117647
region1-1,csp,power,2005-01-03 21:00:00,0.406536894117647
region1-1,csp,power,2005-01-03 22:00:00,0.22020889411764702
region1-1,csp,power,2005-01-03 23:00:00,0.09919129411763619
region1-1,csp,power,2005-01-04 00:00:00,0.0265384941176467
region1-1,csp,power,2005-01-04 01:00:00,0.0
region1-1,csp,power,2005-01-04 02:00:00,0.00954009411764699
region1-1,csp,power,2005-01-04 03:00:00,0.0643272941176467
region1-1,csp,power,2005-01-04 04:00:00,0.25798118768127704
region1-1,csp,power,2005-01-04 05:00:00,0.508893741176471
region1-1,csp,power,2005-01-04 06:00:00,0.707726352941176
region1-1,csp,power,2005-01-04 07:00:00,0.811057647058824
region1-1,csp,power,2005-01-04 08:00:00,0.8726528
region1-1,csp,power,2005-01-04 09:00:00,0.9
region1-1,csp,power,2005-01-04 10:00:00,0.8854512925533651
region1-1,csp,power,2005-01-04 11:00:00,0.8535815529411761
region1-1,csp,power,2005-01-04 12:00:00,0.84046414117647
region1-1,csp,power,2005-01-04 13:00:00,0.858780094117646
region1-1,csp,power,2005-01-04 14:00:00,0.9
region1-1,csp,power,2005-01-04 15:00:00,0.9
region1-1,csp,power,2005-01-04 16:00:00,0.9
region1-1,csp,power,2005-01-04 17:00:00,0.9
region1-1,csp,power,2005-01-04 18:00:00,0.9
region1-1,csp,power,2005-01-04 19:00:00,0.859460094117647
region1-1,csp,power,2005-01-04 20:00:00,0.687508094117647
region1-1,csp,power,2005-01-04 21:00:00,0.453591294117647
region1-1,csp,power,2005-01-04 22:00:00,0.259410494117647
region1-1,csp,power,2005-01-04 23:00:00,0.131461694117647
region1-1,csp,power,2005-01-05 00:00:00,0.0604200941176466
region1-1,csp,power,2005-01-05 01:00:00,0.0336184941176469
region1-1,csp,power,2005-01-05 02:00:00,0.045626494117646806
region1-1,csp,power,2005-01-05 03:00:00,0.104378494117647
region1-1,csp,power,2005-01-05 04:00:00,0.330554494117647
region1-1,csp,power,2005-01-05 05:00:00,0.621056351311718
region1-1,csp,power,2005-01-05 06:00:00,0.762542352941177
region1-1,csp,power,2005-01-05 07:00:00,0.865923247058823
region1-1,csp,power,2005-01-05 08:00:00,0.9
region1-1,csp,power,2005-01-05 09:00:00,0.9
region1-1,csp,power,2005-01-05 10:00:00,0.9
region1-1,csp,power,2005-01-05 11:00:00,0.9
region1-1,csp,power,2005-01-05 12:00:00,0.9
region1-1,csp,power,2005-01-05 13:00:00,0.9
region1-1,csp,power,2005-01-05 14:00:00,0.9
region1-1,csp,power,2005-01-05 15:00:00,0.9
region1-1,csp,power,2005-01-05 16:00:00,0.9
region1-1,csp,power,2005-01-05 17:00:00,0.9
region1-1,csp,power,2005-01-05 18:00:00,0.9
region1-1,csp,power,2005-01-05 19:00:00,0.9
region1-1,csp,power,2005-01-05 20:00:00,0.9
region1-1,csp,power,2005-01-05 21:00:00,0.9
region1-1,csp,power,2005-01-05 22:00:00,0.9000000000000009
region1-1,csp,power,2005-01-05 23:00:00,0.723403101339273
region1-1,free_transmission:region1,power,2005-01-01 00:00:00,0.0
region1-1,free_transmission:region1,power,2005-01-01 01:00:00,0.0
region1-1,free_transmission:region1,power,2005-01-01 02:00:00,0.0
region1-1,free_transmission:region1,power,2005-01-01 03:00:00,0.0
region1-1,free_transmission:region1,power,2005-01-01 04:00:00,0.0
region1-1,free_transmission:region1,power,2005-01-01 05:00:00,0.0
region1-1,free_transmission:region1,power,2005-01-01 06:00:00,0.0
region1-1,free_transmission:region1,power,2005-01-01 07:00:00,0.0
region1-1,free_transmission:region1,power,2005-01-01 08:00:00,0.0
region1-1,free_transmission:region1,power,2005-01-01 09:00:00,0.0
region1-1,free_transmission:region1,power,2005-01-01 10:00:00,0.0
region1-1,free_transmission:region1,power,2005-01-01 11:00:00,0.0
region1-1,free_transmission:region1,power,2005-01-01 12:00:00,0.0
region1-1,free_transmission:region1,power,2005-01-01 13:00:00,0.0
region1-1,free_transmission:region1,power,2005-01-01 14:00:00,0.0
region1-1,free_transmission:region1,power,2005-01-01 15:00:00,0.0
region1-1,free_transmission:region1,power,2005-01-01 16:00:00,0.0
region1-1,free_transmission:region1,power,2005-01-01 17:00:00,0.0
region1-1,free_transmission:region1,power,2005-01-01 18:00:00,0.0
region1-1,free_transmission:region1,power,2005-01-01 19:00:00,0.0
region1-1,free_transmission:region1,power,2005-01-01 20:00:00,0.0
region1-1,free_transmission:region1,power,2005-01-01 21:00:00,0.0
region1-1,free_transmission:region1,power,2005-01-01 22:00:00,0.0
region1-1,free_transmission:region1,power,2005-01-01 23:00:00,0.0
region1-1,free_transmission:region1,power,2005-01-02 00:00:00,0.0
region1-1,free_transmission:region1,power,2005-01-02 01:00:00,0.0
region1-1,free_transmission:region1,power,2005-01-02 02:00:00,0.0
region1-1,free_transmission:region1,power,2005-01-02 03:00:00,0.0
region1-1,free_transmission:region1,power,2005-01-02 04:00:00,0.0
region1-1,free_transmission:region1,power,2005-01-02 05:00:00,0.0
region1-1,free_transmission:region1,power,2005-01-02 06:00:00,0.0
region1-1,free_transmission:region1,power,2005-01-02 07:00:00,0.0
region1-1,free_transmission:region1,power,2005-01-02 08:00:00,0.0
region1-1,free_transmission:region1,power,2005-01-02 09:00:00,0.0
region1-1,free_transmission:region1,power,2005-01-02 10:00:00,0.0
region1-1,free_transmission:region1,power,2005-01-02 11:00:00,0.0
region1-1,free_transmission:region1,power,2005-01-02 12:00:00,0.0
region1-1,free_transmission:region1,power,2005-01-02 13:00:00,0.0
region1-1,free_transmission:region1,power,2005-01-02 14:00:00,0.0
region1-1,free_transmission:region1,power,2005-01-02 15:00:00,0.0
region1-1,free_transmission:region1,power,2005-01-02 16:00:00,0.0
region1-1,free_transmission:region1,power,2005-01-02 17:00:00,0.0
region1-1,free_transmission:region1,power,2005-01-02 18:00:00,0.0
region1-1,free_transmission:region1,power,2005-01-02 19:00:00,0.0
region1-1,free_transmission:region1,power,2005-01-02 20:00:00,0.0
region1-1,free_transmission:region1,power,2005-01-02 21:00:00,0.0
region1-1,free_transmission:region1,power,2005-01-02 22:00:00,0.0
region1-1,free_transmission:region1,power,2005-01-02 23:00:00,0.0
region1-1,free_transmission:region1,power,2005-01-03 00:00:00,0.0
region1-1,free_transmission:region1,power,2005-01-03 01:00:00,0.0
region1-1,free_transmission:region1,power,2005-01-03 02:00:00,0.0
region1-1,free_transmission:region1,power,2005-01-03 03:00:00,0.0
region1-1,free_transmission:region1,power,2005-01-03 04:00:00,0.0
region1-1,free_transmission:region1,power,2005-01-03 05:00:00,0.0
region1-1,free_transmission:region1,power,2005-01-03 06:00:00,0.0
region1-1,free_transmission:region1,power,2005-01-03 07:00:00,0.0
region1-1,free_transmission:region1,power,2005-01-03 08:00:00,0.0
region1-1,free_transmission:region1,power,2005-01-03 09:00:00,0.0
region1-1,free_transmission:region1,power,2005-01-03 10:00:00,0.0
region1-1,free_transmission:region1,power,2005-01-03 11:00:00,0.0
region1-1,free_transmission:region1,power,2005-01-03 12:00:00,0.0
region1-1,free_transmission:region1,power,2005-01-03 13:00:00,0.0
region1-1,free_transmission:region1,power,2005-01-03 14:00:00,0.0
region1-1,free_transmission:region1,power,2005-01-03 15:00:00,0.0
region1-1,free_transmission:region1,power,2005-01-03 16:00:00,0.0
region1-1,free_transmission:region1,power,2005-01-03 17:00:00,0.0
region1-1,free_transmission:region1,power,2005-01-03 18:00:00,0.0
region1-1,free_transmission:region1,power,2005-01-03 19:00:00,0.0
region1-1,free_transmission:region1,power,2005-01-03 20:00:00,0.0
region1-1,free_transmission:region1,power,2005-01-03 21:00:00,0.0
region1-1,free_transmission:region1,power,2005-01-03 22:00:00,0.0
region1-1,free_transmission:region1,power,2005-01-03 23:00:00,0.0
region1-1,free_transmission:region1,power,2005-01-04 00:00:00,0.0
region1-1,free_transmission:region1,power,2005-01-04 01:00:00,0.0
region1-1,free_transmission:region1,power,2005-01-04 02:00:00,0.0
region1-1,free_transmission:region1,power,2005-01-04 03:00:00,0.0
region1-1,free_transmission:region1,power,2005-01-04 04:00:00,0.0
region1-1,free_transmission:region1,power,2005-01-04 05:00:00,0.0
region1-1,free_transmission:region1,power,2005-01-04 06:00:00,0.0
region1-1,free_transmission:region1,power,2005-01-04 07:00:00,0.0
region1-1,free_transmission:region1,power,2005-01-04 08:00:00,0.0
region1-1,free_transmission:region1,power,2005-01-04 09:00:00,0.0
region1-1,free_transmission:region1,power,2005-01-04 10:00:00,0.0
region1-1,free_transmission:region1,power,2005-01-04 11:00:00,0.0
region1-1,free_transmission:region1,power,2005-01-04 12:00:00,0.0
region1-1,free_transmission:region1,power,2005-01-04 13:00:00,0.0
region1-1,free_transmission:region1,power,2005-01-04 14:00:00,0.0
region1-1,free_transmission:region1,power,2005-01-04 15:00:00,0.0
region1-1,free_transmission:region1,power,2005-01-04 16:00:00,0.0
region1-1,free_transmission:region1,power,2005-01-04 17:00:00,0.0
region1-1,free_transmission:region1,power,2005-01-04 18:00:00,0.0
region1-1,free_transmission:region1,power,2005-01-04 19:00:00,0.0
region1-1,free_transmission:region1,power,2005-01-04 20:00:00,0.0
region1-1,free_transmission:region1,power,2005-01-04 21:00:00,0.0
region1-1,free_transmission:region1,power,2005-01-04 22:00:00,0.0
region1-1,free_transmission:region1,power,2005-01-04 23:00:00,0.0
region1-1,free_transmission:region1,power,2005-01-05 00:00:00,0.0
region1-1,free_transmission:region1,power,2005-01-05 01:00:00,0.0
region1-1,free_transmission:region1,power,2005-01-05 02:00:00,0.0
region1-1,free_transmission:region1,power,2005-01-05 03:00:00,0.0
region1-1,free_transmission:region1,power,2005-01-05 04:00:00,0.0
region1-1,free_transmission:region1,power,2005-01-05 05:00:00,0.0
region1-1,free_transmission:region1,power,2005-01-05 06:00:00,0.0
region1-1,free_transmission:region1,power,2005-01-05 07:00:00,0.0
region1-1,free_transmission:region1,power,2005-01-05 08:00:00,0.0
region1-1,free_transmission:region1,power,2005-01-05 09:00:00,0.0
region1-1,free_transmission:region1,power,2005-01-05 10:00:00,0.0
region1-1,free_transmission:region1,power,2005-01-05 11:00:00,0.0
region1-1,free_transmission:region1,power,2005-01-05 12:00:00,0.0
region1-1,free_transmission:region1,power,2005-01-05 13:00:00,0.0
region1-1,free_transmission:region1,power,2005-01-05 14:00:00,0.0
region1-1,free_transmission:region1,power,2005-01-05 15:00:00,0.0
region1-1,free_transmission:region1,power,2005-01-05 16:00:00,0.0
region1-1,free_transmission:region1,power,2005-01-05 17:00:00,0.0
region1-1,free_transmission:region1,power,2005-01-05 18:00:00,0.0
region1-1,free_transmission:region1,power,2005-01-05 19:00:00,0.0
region1-1,free_transmission:region1,power,2005-01-05 20:00:00,0.0
region1-1,free_transmission:region1,power,2005-01-05 21:00:00,0.0
region1-1,free_transmission:region1,power,2005-01-05 22:00:00,0.0
region1-1,free_transmission:region1,power,2005-01-05 23:00:00,0.0
region1-2,csp,power,2005-01-01 00:00:00,0.0
region1-2,csp,power,2005-01-01 01:00:00,0.0
region1-2,csp,power,2005-01-01 02:00:00,0.0
region1-2,csp,power,2005-01-01 03:00:00,0.0
region1-2,csp,power,2005-01-01 04:00:00,0.0
region1-2,csp,power,2005-01-01 05:00:00,0.0
region1-2,csp,power,2005-01-01 06:00:00,0.0
region1-2,csp,power,2005-01-01 07:00:00,0.0
region1-2,csp,power,2005-01-01 08:00:00,0.0
region1-2,csp,power,2005-01-01 09:00:00,0.0
region1-2,csp,power,2005-01-01 10:00:00,0.0
region1-2,csp,power,2005-01-01 11:00:00,0.0
region1-2,csp,power,2005-01-01 12:00:00,0.0
region1-2,csp,power,2005-01-01 13:00:00,0.0
region1-2,csp,power,2005-01-01 14:00:00,0.0
region1-2,csp,power,2005-01-01 15:00:00,0.0
region1-2,csp,power,2005-01-01 16:00:00,0.0
region1-2,csp,power,2005-01-01 17:00:00,0.0
region1-2,csp,power,2005-01-01 18:00:00,0.0
region1-2,csp,power,2005-01-01 19:00:00,0.0
region1-2,csp,power,2005-01-01 20:00:00,0.0
region1-2,csp,power,2005-01-01 21:00:00,0.0
region1-2,csp,power,2005-01-01 22:00:00,0.0
region1-2,csp,power,2005-01-01 23:00:00,0.0
region1-2,csp,power,2005-01-02 00:00:00,0.0
region1-2,csp,power,2005-01-02 01:00:00,0.0
region1-2,csp,power,2005-01-02 02:00:00,0.0
region1-2,csp,power,2005-01-02 03:00:00,0.0
region1-2,csp,power,2005-01-02 04:00:00,0.0
region1-2,csp,power,2005-01-02 05:00:00,0.0
region1-2,csp,power,2005-01-02 06:00:00,0.0
region1-2,csp,power,2005-01-02 07:00:00,0.0
region1-2,csp,power,2005-01-02 08:00:00,0.0
region1-2,csp,power,2005-01-02 09:00:00,0.0
region1-2,csp,power,2005-01-02 10:00:00,0.0
region1-2,csp,power,2005-01-02 11:00:00,0.0
region1-2,csp,power,2005-01-02 12:00:00,0.0
region1-2,csp,power,2005-01-02 13:00:00,0.0
region1-2,csp,power,2005-01-02 14:00:00,0.0
region1-2,csp,power,2005-01-02 15:00:00,0.0
region1-2,csp,power,2005-01-02 16:00:00,0.0
region1-2,csp,power,2005-01-02 17:00:00,0.0
region1-2,csp,power,2005-01-02 18:00:00,0.0
region1-2,csp,power,2005-01-02 19:00:00,0.0
region1-2,csp,power,2005-01-02 20:00:00,0.0
region1-2,csp,power,2005-01-02 21:00:00,0.0
region1-2,csp,power,2005-01-02 22:00:00,0.0
region1-2,csp,power,2005-01-02 23:00:00,0.0
region1-2,csp,power,2005-01-03 00:00:00,0.0
region1-2,csp,power,2005-01-03 01:00:00,0.0
region1-2,csp,power,2005-01-03 02:00:00,0.0
region1-2,csp,power,2005-01-03 03:00:00,0.0
region1-2,csp,power,2005-01-03 04:00:00,0.0
region1-2,csp,power,2005-01-03 05:00:00,0.0
region1-2,csp,power,2005-01-03 06:00:00,0.0
region1-2,csp,power,2005-01-03 07:00:00,0.0
region1-2,csp,power,2005-01-03 08:00:00,0.0
region1-2,csp,power,2005-01-03 09:00:00,0.0
region1-2,csp,power,2005-01-03 10:00:00,0.0
region1-2,csp,power,2005-01-03 11:00:00,0.0
region1-2,csp,power,2005-01-03 12:00:00,0.0
region1-2,csp,power,2005-01-03 13:00:00,0.0
region1-2,csp,power,2005-01-03 14:00:00,0.0
region1-2,csp,power,2005-01-03 15:00:00,0.0
region1-2,csp,power,2005-01-03 16:00:00,0.0
region1-2,csp,power,2005-01-03 17:00:00,0.0
region1-2,csp,power,2005-01-03 18:00:00,0.0
region1-2,csp,power,2005-01-03 19:00:00,0.0
region1-2,csp,power,2005-01-03 20:00:00,0.0
region1-2,csp,power,2005-01-03 21:00:00,0.0
region1-2,csp,power,2005-01-03 22:00:00,0.0
region1-2,csp,power,2005-01-03 23:00:00,0.0
region1-2,csp,power,2005-01-04 00:00:00,0.0
region1-2,csp,power,2005-01-04 01:00:00,0.0
region1-2,csp,power,2005-01-04 02:00:00,0.0
region1-2,csp,power,2005-01-04 03:00:00,0.0
region1-2,csp,power,2005-01-04 04:00:00,0.0
region1-2,csp,power,2005-01-04 05:00:00,0.0
region1-2,csp,power,2005-01-04 06:00:00,0.0
region1-2,csp,power,2005-01-04 07:00:00,0.0
region1-2,csp,power,2005-01-04 08:00:00,0.0
region1-2,csp,power,2005-01-04 09:00:00,0.0
region1-2,csp,power,2005-01-04 10:00:00,0.0
region1-2,csp,power,2005-01-04 11:00:00,0.0
region1-2,csp,power,2005-01-04 12:00:00,0.0
region1-2,csp,power,2005-01-04 13:00:00,0.0
region1-2,csp,power,2005-01-04 14:00:00,0.0
region1-2,csp,power,2005-01-04 15:00:00,0.0
region1-2,csp,power,2005-01-04 16:00:00,0.0
region1-2,csp,power,2005-01-04 17:00:00,0.0
region1-2,csp,power,2005-01-04 18:00:00,0.0
region1-2,csp,power,2005-01-04 19:00:00,0.0
region1-2,csp,power,2005-01-04 20:00:00,0.0
region1-2,csp,power,2005-01-04 21:00:00,0.0
region1-2,csp,power,2005-01-04 22:00:00,0.0
region1-2,csp,power,2005-01-04 23:00:00,0.0
region1-2,csp,power,2005-01-05 00:00:00,0.0
region1-2,csp,power,2005-01-05 01:00:00,0.0
region1-2,csp,power,2005-01-05 02:00:00,0.0
region1-2,csp,power,2005-01-05 03:00:00,0.0
region1-2,csp,power,2005-01-05 04:00:00,0.0
region1-2,csp,power,2005-01-05 05:00:00,0.0
region1-2,csp,power,2005-01-05 06:00:00,0.0
region1-2,csp,power,2005-01-05 07:00:00,0.0
region1-2,csp,power,2005-01-05 08:00:00,0.0
region1-2,csp,power,2005-01-05 09:00:00,-inf
region1-2,csp,power,2005-01-05 10:00:00,0.0
region1-2,csp,power,2005-01-05 11:00:00,0.0
region1-2,csp,power,2005-01-05 12:00:00,0.0
region1-2,csp,power,2005-01-05 13:00:00,0.0
region1-2,csp,power,2005-01-05 14:00:00,0.0
region1-2,csp,power,2005-01-05 15:00:00,0.0
region1-2,csp,power,2005-01-05 16:00:00,0.0
region1-2,csp,power,2005-01-05 17:00:00,0.0
region1-2,csp,power,2005-01-05 18:00:00,0.0
region1-2,csp,power,2005-01-05 19:00:00,0.0
region1-2,csp,power,2005-01-05 20:00:00,0.0
region1-2,csp,power,2005-01-05 21:00:00,0.0
region1-2,csp,power,2005-01-05 22:00:00,0.0
region1-2,csp,power,2005-01-05 23:00:00,0.0
region1-2,free_transmission:region1,power,2005-01-01 00:00:00,0.0
region1-2,free_transmission:region1,power,2005-01-01 01:00:00,0.0
region1-2,free_transmission:region1,power,2005-01-01 02:00:00,0.0
region1-2,free_transmission:region1,power,2005-01-01 03:00:00,0.0
region1-2,free_transmission:region1,power,2005-01-01 04:00:00,0.0
region1-2,free_transmission:region1,power,2005-01-01 05:00:00,0.0
region1-2,free_transmission:region1,power,2005-01-01 06:00:00,0.0
region1-2,free_transmission:region1,power,2005-01-01 07:00:00,0.0
region1-2,free_transmission:region1,power,2005-01-01 08:00:00,0.0
region1-2,free_transmission:region1,power,2005-01-01 09:00:00,0.0
region1-2,free_transmission:region1,power,2005-01-01 10:00:00,0.0
region1-2,free_transmission:region1,power,2005-01-01 11:00:00,0.0
region1-2,free_transmission:region1,power,2005-01-01 12:00:00,0.0
region1-2,free_transmission:region1,power,2005-01-01 13:00:00,0.0
region1-2,free_transmission:region1,power,2005-01-01 14:00:00,0.0
region1-2,free_transmission:region1,power,2005-01-01 15:00:00,0.0
region1-2,free_transmission:region1,power,2005-01-01 16:00:00,0.0
region1-2,free_transmission:region1,power,2005-01-01 17:00:00,0.0
region1-2,free_transmission:region1,power,2005-01-01 18:00:00,0.0
region1-2,free_transmission:region1,power,2005-01-01 19:00:00,0.0
region1-2,free_transmission:region1,power,2005-01-01 20:00:00,0.0
region1-2,free_transmission:region1,power,2005-01-01 21:00:00,0.0
region1-2,free_transmission:region1,power,2005-01-01 22:00:00,0.0
region1-2,free_transmission:region1,power,2005-01-01 23:00:00,0.0
region1-2,free_transmission:region1,power,2005-01-02 00:00:00,0.0
region1-2,free_transmission:region1,power,2005-01-02 01:00:00,0.0
region1-2,free_transmission:region1,power,2005-01-02 02:00:00,0.0
region1-2,free_transmission:region1,power,2005-01-02 03:00:00,0.0
region1-2,free_transmission:region1,power,2005-01-02 04:00:00,0.0
region1-2,free_transmission:region1,power,2005-01-02 05:00:00,0.0
region1-2,free_transmission:region1,power,2005-01-02 06:00:00,0.0
region1-2,free_transmission:region1,power,2005-01-02 07:00:00,0.0
region1-2,free_transmission:region1,power,2005-01-02 08:00:00,0.0
region1-2,free_transmission:region1,power,2005-01-02 09:00:00,0.0
region1-2,free_transmission:region1,power,2005-01-02 10:00:00,0.0
region1-2,free_transmission:region1,power,2005-01-02 11:00:00,0.0
region1-2,free_transmission:region1,power,2005-01-02 12:00:00,0.0
region1-2,free_transmission:region1,power,2005-01-02 13:00:00,0.0
region1-2,free_transmission:region1,power,2005-01-02 14:00:00,0.0
region1-2,free_transmission:region1,power,2005-01-02 15:00:00,0.0
region1-2,free_transmission:region1,power,2005-01-02 16:00:00,0.0
region1-2,free_transmission:region1,power,2005-01-02 17:00:00,0.0
region1-2,free_transmission:region1,power,2005-01-02 18:00:00,0.0
region1-2,free_transmission:region1,power,2005-01-02 19:00:00,0.0
region1-2,free_transmission:region1,power,2005-01-02 20:00:00,0.0
region1-2,free_transmission:region1,power,2005-01-02 21:00:00,0.0
region1-2,free_transmission:region1,power,2005-01-02 22:00:00,0.0
region1-2,free_transmission:region1,power,2005-01-02 23:00:00,0.0
region1-2,free_transmission:region1,power,2005-01-03 00:00:00,0.0
region1-2,free_transmission:region1,power,2005-01-03 01:00:00,0.0
region1-2,free_transmission:region1,power,2005-01-03 02:00:00,0.0
region1-2,free_transmission:region1,power,2005-01-03 03:00:00,0.0
region1-2,free_transmission:region1,power,2005-01-03 04:00:00,0.0
region1-2,free_transmission:region1,power,2005-01-03 05:00:00,0.0
region1-2,free_transmission:region1,power,2005-01-03 06:00:00,0.0
region1-2,free_transmission:region1,power,2005-01-03 07:00:00,0.0
region1-2,free_transmission:region1,power,2005-01-03 08:00:00,0.0
region1-2,free_transmission:region1,power,2005-01-03 09:00:00,0.0
region1-2,free_transmission:region1,power,2005-01-03 10:00:00,0.0
region1-2,free_transmission:region1,power,2005-01-03 11:00:00,0.0
region1-2,free_transmission:region1,power,2005-01-03 12:00:00,0.0
region1-2,free_transmission:region1,power,2005-01-03 13:00:00,0.0
region1-2,free_transmission:region1,power,2005-01-03 14:00:00,0.0
region1-2,free_transmission:region1,power,2005-01-03 15:00:00,0.0
region1-2,free_transmission:region1,power,2005-01-03 16:00:00,0.0
region1-2,free_transmission:region1,power,2005-01-03 17:00:00,0.0
region1-2,free_transmission:region1,power,2005-01-03 18:00:00,0.0
region1-2,free_transmission:region1,power,2005-01-03 19:00:00,0.0
region1-2,free_transmission:region1,power,2005-01-03 20:00:00,0.0
region1-2,free_transmission:region1,power,2005-01-03 21:00:00,0.0
region1-2,free_transmission:region1,power,2005-01-03 22:00:00,0.0
region1-2,free_transmission:region1,power,2005-01-03 23:00:00,0.0
region1-2,free_transmission:region1,power,2005-01-04 00:00:00,0.0
region1-2,free_transmission:region1,power,2005-01-04 01:00:00,0.0
region1-2,free_transmission:region1,power,2005-01-04 02:00:00,0.0
region1-2,free_transmission:region1,power,2005-01-04 03:00:00,0.0
region1-2,free_transmission:region1,power,2005-01-04 04:00:00,0.0
region1-2,free_transmission:region1,power,2005-01-04 05:00:00,0.0
region1-2,free_transmission:region1,power,2005-01-04 06:00:00,0.0
region1-2,free_transmission:region1,power,2005-01-04 07:00:00,0.0
region1-2,free_transmission:region1,power,2005-01-04 08:00:00,0.0
region1-2,free_transmission:region1,power,2005-01-04 09:00:00,0.0
region1-2,free_transmission:region1,power,2005-01-04 10:00:00,0.0
region1-2,free_transmission:region1,power,2005-01-04 11:00:00,0.0
region1-2,free_transmission:region1,power,2005-01-04 12:00:00,0.0
region1-2,free_transmission:region1,power,2005-01-04 13:00:00,0.0
region1-2,free_transmission:region1,power,2005-01-04 14:00:00,0.0
region1-2,free_transmission:region1,power,2005-01-04 15:00:00,0.0
region1-2,free_transmission:region1,power,2005-01-04 16:00:00,0.0
region1-2,free_transmission:region1,power,2005-01-04 17:00:00,0.0
region1-2,free_transmission:region1,power,2005-01-04 18:00:00,0.0
region1-2,free_transmission:region1,power,2005-01-04 19:00:00,0.0
region1-2,free_transmission:region1,power,2005-01-04 20:00:00,0.0
region1-2,free_transmission:region1,power,2005-01-04 21:00:00,0.0
region1-2,free_transmission:region1,power,2005-01-04 22:00:00,0.0
region1-2,free_transmission:region1,power,2005-01-04 23:00:00,0.0
region1-2,free_transmission:region1,power,2005-01-05 00:00:00,0.0
region1-2,free_transmission:region1,power,2005-01-05 01:00:00,0.0
region1-2,free_transmission:region1,power,2005-01-05 02:00:00,0.0
region1-2,free_transmission:region1,power,2005-01-05 03:00:00,0.0
region1-2,free_transmission:region1,power,2005-01-05 04:00:00,0.0
region1-2,free_transmission:region1,power,2005-01-05 05:00:00,0.0
region1-2,free_transmission:region1,power,2005-01-05 06:00:00,0.0
region1-2,free_transmission:region1,power,2005-01-05 07:00:00,0.0
region1-2,free_transmission:region1,power,2005-01-05 08:00:00,0.0
region1-2,free_transmission:region1,power,2005-01-05 09:00:00,0.0
region1-2,free_transmission:region1,power,2005-01-05 10:00:00,0.0
region1-2,free_transmission:region1,power,2005-01-05 11:00:00,0.0
region1-2,free_transmission:region1,power,2005-01-05 12:00:00,0.0
region1-2,free_transmission:region1,power,2005-01-05 13:00:00,0.0
region1-2,free_transmission:region1,power,2005-01-05 14:00:00,0.0
region1-2,free_transmission:region1,power,2005-01-05 15:00:00,0.0
region1-2,free_transmission:region1,power,2005-01-05 16:00:00,0.0
region1-2,free_transmission:region1,power,2005-01-05 17:00:00,0.0
region1-2,free_transmission:region1,power,2005-01-05 18:00:00,0.0
region1-2,free_transmission:region1,power,2005-01-05 19:00:00,0.0
region1-2,free_transmission:region1,power,2005-01-05 20:00:00,0.0
region1-2,free_transmission:region1,power,2005-01-05 21:00:00,0.0
region1-2,free_transmission:region1,power,2005-01-05 22:00:00,0.0
region1-2,free_transmission:region1,power,2005-01-05 23:00:00,0.0
region1-3,csp,power,2005-01-01 00:00:00,0.0
region1-3,csp,power,2005-01-01 01:00:00,0.0
region1-3,csp,power,2005-01-01 02:00:00,0.0
region1-3,csp,power,2005-01-01 03:00:00,0.0
region1-3,csp,power,2005-01-01 04:00:00,0.0
region1-3,csp,power,2005-01-01 05:00:00,0.0
region1-3,csp,power,2005-01-01 06:00:00,0.0
region1-3,csp,power,2005-01-01 07:00:00,0.0
region1-3,csp,power,2005-01-01 08:00:00,0.0
region1-3,csp,power,2005-01-01 09:00:00,0.0
region1-3,csp,power,2005-01-01 10:00:00,0.0
region1-3,csp,power,2005-01-01 11:00:00,0.0
region1-3,csp,power,2005-01-01 12:00:00,0.0
region1-3,csp,power,2005-01-01 13:00:00,0.0
region1-3,csp,power,2005-01-01 14:00:00,0.0
region1-3,csp,power,2005-01-01 15:00:00,0.0
region1-3,csp,power,2005-01-01 16:00:00,0.0
region1-3,csp,power,2005-01-01 17:00:00,0.0
region1-3,csp,power,2005-01-01 18:00:00,0.0
region1-3,csp,power,2005-01-01 19:00:00,0.0
region1-3,csp,power,2005-01-01 20:00:00,0.0
region1-3,csp,power,2005-01-01 21:00:00,0.0
region1-3,csp,power,2005-01-01 22:00:00,0.0
region1-3,csp,power,2005-01-01 23:00:00,0.0
region1-3,csp,power,2005-01-02 00:00:00,0.0
region1-3,csp,power,2005-01-02 01:00:00,0.0
region1-3,csp,power,2005-01-02 02:00:00,0.0
region1-3,csp,power,2005-01-02 03:00:00,0.0
region1-3,csp,power,2005-01-02 04:00:00,0.0
region1-3,csp,power,2005-01-02 05:00:00,0.0
region1-3,csp,power,2005-01-02 06:00:00,0.0
region1-3,csp,power,2005-01-02 07:00:00,0.0
region1-3,csp,power,2005-01-02 08:00:00,0.0
region1-3,csp,power,2005-01-02 09:00:00,0.0
region1-3,csp,power,2005-01-02 10:00:00,0.0
region1-3,csp,power,2005-01-02 11:00:00,0.0
region1-3,csp,power,2005-01-02 12:00:00,0.0
region1-3,csp,power,2005-01-02 13:00:00,0.0
region1-3,csp,power,2005-01-02 14:00:00,0.0
region1-3,csp,power,2005-01-02 15:00:00,0.0
region1-3,csp,power,2005-01-02 16:00:00,0.02616263088599992
region1-3,csp,power,2005-01-02 17:00:00,0.01447073973032613
region1-3,csp,power,2005-01-02 18:00:00,0.0
region1-3,csp,power,2005-01-02 19:00:00,0.0
region1-3,csp,power,2005-01-02 20:00:00,0.0
region1-3,csp,power,2005-01-02 21:00:00,0.0
region1-3,csp,power,2005-01-02 22:00:00,0.0
region1-3,csp,power,2005-01-02 23:00:00,0.0
region1-3,csp,power,2005-01-03 00:00:00,0.0
region1-3,csp,power,2005-01-03 01:00:00,0.0
region1-3,csp,power,2005-01-03 02:00:00,0.0
region1-3,csp,power,2005-01-03 03:00:00,0.0
region1-3,csp,power,2005-01-03 04:00:00,0.0
region1-3,csp,power,2005-01-03 05:00:00,0.0
region1-3,csp,power,2005-01-03 06:00:00,0.0
region1-3,csp,power,2005-01-03 07:00:00,0.0
region1-3,csp,power,2005-01-03 08:00:00,0.0
region1-3,csp,power,2005-01-03 09:00:00,0.0
region1-3,csp,power,2005-01-03 10:00:00,0.0
region1-3,csp,power,2005-01-03 11:00:00,0.0
region1-3,csp,power,2005-01-03 12:00:00,0.0
region1-3,csp,power,2005-01-03 13:00:00,0.0
region1-3,csp,power,2005-01-03 14:00:00,0.0
region1-3,csp,power,2005-01-03 15:00:00,0.08574499259155509
region1-3,csp,power,2005-01-03 16:00:00,0.6765851806299027
region1-3,csp,power,2005-01-03 17:00:00,0.5529648645636871
region1-3,csp,power,2005-01-03 18:00:00,0.0
region1-3,csp,power,2005-01-03 19:00:00,0.0
region1-3,csp,power,2005-01-03 20:00:00,0.0
region1-3,csp,power,2005-01-03 21:00:00,0.0
region1-3,csp,power,2005-01-03 22:00:00,0.0
region1-3,csp,power,2005-01-03 23:00:00,0.0
region1-3,csp,power,2005-01-04 00:00:00,0.0
region1-3,csp,power,2005-01-04 01:00:00,0.0
region1-3,csp,power,2005-01-04 02:00:00,0.0
region1-3,csp,power,2005-01-04 03:00:00,0.0
region1-3,csp,power,2005-01-04 04:00:00,0.0
region1-3,csp,power,2005-01-04 05:00:00,0.0
region1-3,csp,power,2005-01-04 06:00:00,0.0
region1-3,csp,power,2005-01-04 07:00:00,0.0
region1-3,csp,power,2005-01-04 08:00:00,0.0
region1-3,csp,power,2005-01-04 09:00:00,0.0
region1-3,csp,power,2005-01-04 10:00:00,0.0
region1-3,csp,power,2005-01-04 11:00:00,0.0
region1-3,csp,power,2005-01-04 12:00:00,0.0
region1-3,csp,power,2005-01-04 13:00:00,0.0
region1-3,csp,power,2005-01-04 14:00:00,0.0
region1-3,csp,power,2005-01-04 15:00:00,0.2613952643721808
region1-3,csp,power,2005-01-04 16:00:00,0.8717605689026819
region1-3,csp,power,2005-01-04 17:00:00,0.7631629734492831
region1-3,csp,power,2005-01-04 18:00:00,0.06364402722346195
region1-3,csp,power,2005-01-04 19:00:00,0.0
region1-3,csp,power,2005-01-04 20:00:00,0.0
region1-3,csp,power,2005-01-04 21:00:00,0.0
region1-3,csp,power,2005-01-04 22:00:00,0.0
region1-3,csp,power,2005-01-04 23:00:00,0.0
region1-3,csp,power,2005-01-05 00:00:00,0.0
region1-3,csp,power,2005-01-05 01:00:00,0.0
region1-3,csp,power,2005-01-05 02:00:00,0.0
region1-3,csp,power,2005-01-05 03:00:00,0.0
region1-3,csp,power,2005-01-05 04:00:00,0.0
region1-3,csp,power,2005-01-05 05:00:00,0.0
region1-3,csp,power,2005-01-05 06:00:00,0.0
region1-3,csp,power,2005-01-05 07:00:00,0.0
region1-3,csp,power,2005-01-05 08:00:00,0.0
region1-3,csp,power,2005-01-05 09:00:00,0.0
region1-3,csp,power,2005-01-05 10:00:00,0.0
region1-3,csp,power,2005-01-05 11:00:00,0.0
region1-3,csp,power,2005-01-05 12:00:00,0.0
region1-3,csp,power,2005-01-05 13:00:00,0.0
region1-3,csp,power,2005-01-05 14:00:00,0.0
region1-3,csp,power,2005-01-05 15:00:00,0.3629422884052669
region1-3,csp,power,2005-01-05 16:00:00,0.8999999999999988
region1-3,csp,power,2005-01-05 17:00:00,0.7221109739940826
region1-3,csp,power,2005-01-05 18:00:00,0.036711743316921217
region1-3,csp,power,2005-01-05 19:00:00,0.0
region1-3,csp,power,2005-01-05 20:00:00,0.0
region1-3,csp,power,2005-01-05 21:00:00,0.0
region1-3,csp,power,2005-01-05 22:00:00,0.0
region1-3,csp,power,2005-01-05 23:00:00,0.0
region1-3,free_transmission:region1,power,2005-01-01 00:00:00,0.0
region1-3,free_transmission:region1,power,2005-01-01 01:00:00,0.0
region1-3,free_transmission:region1,power,2005-01-01 02:00:00,0.0
region1-3,free_transmission:region1,power,2005-01-01 03:00:00,0.0
region1-3,free_transmission:region1,power,2005-01-01 04:00:00,0.0
region1-3,free_transmission:region1,power,2005-01-01 05:00:00,0.0
region1-3,free_transmission:region1,power,2005-01-01 06:00:00,0.0
region1-3,free_transmission:region1,power,2005-01-01 07:00:00,0.0
region1-3,free_transmission:region1,power,2005-01-01 08:00:00,0.0
region1-3,free_transmission:region1,power,2005-01-01 09:00:00,0.0
region1-3,free_transmission:region1,power,2005-01-01 10:00:00,0.0
region1-3,free_transmission:region1,power,2005-01-01 11:00:00,0.0
region1-3,free_transmission:region1,power,2005-01-01 12:00:00,0.0
region1-3,free_transmission:region1,power,2005-01-01 13:00:00,0.0
region1-3,free_transmission:region1,power,2005-01-01 14:00:00,0.0
region1-3,free_transmission:region1,power,2005-01-01 15:00:00,0.0
region1-3,free_transmission:region1,power,2005-01-01 16:00:00,0.0
region1-3,free_transmission:region1,power,2005-01-01 17:00:00,0.0
region1-3,free_transmission:region1,power,2005-01-01 18:00:00,0.0
region1-3,free_transmission:region1,power,2005-01-01 19:00:00,0.0
region1-3,free_transmission:region1,power,2005-01-01 20:00:00,0.0
region1-3,free_transmission:region1,power,2005-01-01 21:00:00,0.0
region1-3,free_transmission:region1,power,2005-01-01 22:00:00,0.0
region1-3,free_transmission:region1,power,2005-01-01 23:00:00,0.0
region1-3,free_transmission:region1,power,2005-01-02 00:00:00,0.0
region1-3,free_transmission:region1,power,2005-01-02 01:00:00,0.0
region1-3,free_transmission:region1,power,2005-01-02 02:00:00,0.0
region1-3,free_transmission:region1,power,2005-01-02 03:00:00,0.0
region1-3,free_transmission:region1,power,2005-01-02 04:00:00,0.0
region1-3,free_transmission:region1,power,2005-01-02 05:00:00,0.0
region1-3,free_transmission:region1,power,2005-01-02 06:00:00,0.0
region1-3,free_transmission:region1,power,2005-01-02 07:00:00,0.0
region1-3,free_transmission:region1,power,2005-01-02 08:00:00,0.0
region1-3,free_transmission:region1,power,2005-01-02 09:00:00,0.0
region1-3,free_transmission:region1,power,2005-01-02 10:00:00,0.0
region1-3,free_transmission:region1,power,2005-01-02 11:00:00,0.0
region1-3,free_transmission:region1,power,2005-01-02 12:00:00,0.0
region1-3,free_transmission:region1,power,2005-01-02 13:00:00,0.0
region1-3,free_transmission:region1,power,2005-01-02 14:00:00,0.0
region1-3,free_transmission:region1,power,2005-01-02 15:00:00,0.0
region1-3,free_transmission:region1,power,2005-01-02 16:00:00,0.0
region1-3,free_transmission:region1,power,2005-01-02 17:00:00,0.0
region1-3,free_transmission:region1,power,2005-01-02 18:00:00,0.0
region1-3,free_transmission:region1,power,2005-01-02 19:00:00,0.0
region1-3,free_transmission:region1,power,2005-01-02 20:00:00,0.0
region1-3,free_transmission:region1,power,2005-01-02 21:00:00,0.0
region1-3,free_transmission:region1,power,2005-01-02 22:00:00,0.0
region1-3,free_transmission:region1,power,2005-01-02 23:00:00,0.0
region1-3,free_transmission:region1,power,2005-01-03 00:00:00,0.0
region1-3,free_transmission:region1,power,2005-01-03 01:00:00,0.0
region1-3,free_transmission:region1,power,2005-01-03 02:00:00,0.0
region1-3,free_transmission:region1,power,2005-01-03 03:00:00,0.0
region1-3,free_transmission:region1,power,2005-01-03 04:00:00,0.0
region1-3,free_transmission:region1,power,2005-01-03 05:00:00,0.0
region1-3,free_transmission:region1,power,2005-01-03 06:00:00,0.0
region1-3,free_transmission:region1,power,2005-01-03 07:00:00,0.0
region1-3,free_transmission:region1,power,2005-01-03 08:00:00,0.0
region1-3,free_transmission:region1,power,2005-01-03 09:00:00,0.0
region1-3,free_transmission:region1,power,2005-01-03 10:00:00,0.0
region1-3,free_transmission:region1,power,2005-01-03 11:00:00,0.0
region1-3,free_transmission:region1,power,2005-01-03 12:00:00,0.0
region1-3,free_transmission:region1,power,2005-01-03 13:00:00,0.0
region1-3,free_transmission:region1,power,2005-01-03 14:00:00,0.0
region1-3,free_transmission:region1,power,2005-01-03 15:00:00,0.0
region1-3,free_transmission:region1,power,2005-01-03 16:00:00,0.24823868818899383
region1-3,free_transmission:region1,power,2005-01-03 17:00:00,0.0
region1-3,free_transmission:region1,power,2005-01-03 18:00:00,0.0
region1-3,free_transmission:region1,power,2005-01-03 19:00:00,0.0
region1-3,free_transmission:region1,power,2005-01-03 20:00:00,0.0
region1-3,free_transmission:region1,power,2005-01-03 21:00:00,0.0
region1-3,free_transmission:region1,power,2005-01-03 22:00:00,0.0
region1-3,free_transmission:region1,power,2005-01-03 23:00:00,0.0
region1-3,free_transmission:region1,power,2005-01-04 00:00:00,0.0
region1-3,free_transmission:region1,power,2005-01-04 01:00:00,0.0
region1-3,free_transmission:region1,power,2005-01-04 02:00:00,0.0
region1-3,free_transmission:region1,power,2005-01-04 03:00:00,0.0
region1-3,free_transmission:region1,power,2005-01-04 04:00:00,0.0
region1-3,free_transmission:region1,power,2005-01-04 05:00:00,0.0
region1-3,free_transmission:region1,power,2005-01-04 06:00:00,0.0
region1-3,free_transmission:region1,power,2005-01-04 07:00:00,0.0
region1-3,free_transmission:region1,power,2005-01-04 08:00:00,0.0
region1-3,free_transmission:region1,power,2005-01-04 09:00:00,0.0
region1-3,free_transmission:region1,power,2005-01-04 10:00:00,0.0
region1-3,free_transmission:region1,power,2005-01-04 11:00:00,0.0
region1-3,free_transmission:region1,power,2005-01-04 12:00:00,0.0
region1-3,free_transmission:region1,power,2005-01-04 13:00:00,0.0
region1-3,free_transmission:region1,power,2005-01-04 14:00:00,0.0
region1-3,free_transmission:region1,power,2005-01-04 15:00:00,0.0
region1-3,free_transmission:region1,power,2005-01-04 16:00:00,0.0
region1-3,free_transmission:region1,power,2005-01-04 17:00:00,0.0
region1-3,free_transmission:region1,power,2005-01-04 18:00:00,0.0
region1-3,free_transmission:region1,power,2005-01-04 19:00:00,0.0
region1-3,free_transmission:region1,power,2005-01-04 20:00:00,0.0
region1-3,free_transmission:region1,power,2005-01-04 21:00:00,0.0
region1-3,free_transmission:region1,power,2005-01-04 22:00:00,0.0
region1-3,free_transmission:region1,power,2005-01-04 23:00:00,0.0
region1-3,free_transmission:region1,power,2005-01-05 00:00:00,0.0
region1-3,free_transmission:region1,power,2005-01-05 01:00:00,0.0
region1-3,free_transmission:region1,power,2005-01-05 02:00:00,0.0
region1-3,free_transmission:region1,power,2005-01-05 03:00:00,0.0
region1-3,free_transmission:region1,power,2005-01-05 04:00:00,0.0
region1-3,free_transmission:region1,power,2005-01-05 05:00:00,0.0
region1-3,free_transmission:region1,power,2005-01-05 06:00:00,0.0
region1-3,free_transmission:region1,power,2005-01-05 07:00:00,0.0
region1-3,free_transmission:region1,power,2005-01-05 08:00:00,0.0
region1-3,free_transmission:region1,power,2005-01-05 09:00:00,0.0
region1-3,free_transmission:region1,power,2005-01-05 10:00:00,0.0
region1-3,free_transmission:region1,power,2005-01-05 11:00:00,0.0
region1-3,free_transmission:region1,power,2005-01-05 12:00:00,0.0
region1-3,free_transmission:region1,power,2005-01-05 13:00:00,0.0
region1-3,free_transmission:region1,power,2005-01-05 14:00:00,0.0
region1-3,free_transmission:region1,power,2005-01-05 15:00:00,0.0
region1-3,free_transmission:region1,power,2005-01-05 16:00:00,0.0
region1-3,free_transmission:region1,power,2005-01-05 17:00:00,0.0
region1-3,free_transmission:region1,power,2005-01-05 18:00:00,0.0
region1-3,free_transmission:region1,power,2005-01-05 19:00:00,0.0
region1-3,free_transmission:region1,power,2005-01-05 20:00:00,0.0
region1-3,free_transmission:region1,power,2005-01-05 21:00:00,0.0
region1-3,free_transmission:region1,power,2005-01-05 22:00:00,0.0
region1-3,free_transmission:region1,power,2005-01-05 23:00:00,0.0
region1,ac_transmission:region2,power,2005-01-01 00:00:00,0.0
region1,ac_transmission:region2,power,2005-01-01 01:00:00,0.0
region1,ac_transmission:region2,power,2005-01-01 02:00:00,0.0
region1,ac_transmission:region2,power,2005-01-01 03:00:00,0.0
region1,ac_transmission:region2,power,2005-01-01 04:00:00,0.0
region1,ac_transmission:region2,power,2005-01-01 05:00:00,0.0
region1,ac_transmission:region2,power,2005-01-01 06:00:00,0.0
region1,ac_transmission:region2,power,2005-01-01 07:00:00,0.0
region1,ac_transmission:region2,power,2005-01-01 08:00:00,0.0
region1,ac_transmission:region2,power,2005-01-01 09:00:00,0.0
region1,ac_transmission:region2,power,2005-01-01 10:00:00,0.0
region1,ac_transmission:region2,power,2005-01-01 11:00:00,0.0
region1,ac_transmission:region2,power,2005-01-01 12:00:00,0.0
region1,ac_transmission:region2,power,2005-01-01 13:00:00,0.0
region1,ac_transmission:region2,power,2005-01-01 14:00:00,0.0
region1,ac_transmission:region2,power,2005-01-01 15:00:00,0.0
region1,ac_transmission:region2,power,2005-01-01 16:00:00,0.0
region1,ac_transmission:region2,power,2005-01-01 17:00:00,0.0
region1,ac_transmission:region2,power,2005-01-01 18:00:00,0.0
region1,ac_transmission:region2,power,2005-01-01 19:00:00,0.0
region1,ac_transmission:region2,power,2005-01-01 20:00:00,0.0
region1,ac_transmission:region2,power,2005-01-01 21:00:00,0.0
region1,ac_transmission:region2,power,2005-01-01 22:00:00,0.0
region1,ac_transmission:region2,power,2005-01-01 23:00:00,0.0
region1,ac_transmission:region2,power,2005-01-02 00:00:00,0.0
region1,ac_transmission:region2,power,2005-01-02 01:00:00,0.0
region1,ac_transmission:region2,power,2005-01-02 02:00:00,0.0
region1,ac_transmission:region2,power,2005-01-02 03:00:00,0.0
region1,ac_transmission:region2,power,2005-01-02 04:00:00,0.0
region1,ac_transmission:region2,power,2005-01-02 05:00:00,0.0
region1,ac_transmission:region2,power,2005-01-02 06:00:00,0.0
region1,ac_transmission:region2,power,2005-01-02 07:00:00,0.0
region1,ac_transmission:region2,power,2005-01-02 08:00:00,0.0
region1,ac_transmission:region2,power,2005-01-02 09:00:00,0.0
region1,ac_transmission:region2,power,2005-01-02 10:00:00,0.0
region1,ac_transmission:region2,power,2005-01-02 11:00:00,0.0
region1,ac_transmission:region2,power,2005-01-02 12:00:00,0.0
region1,ac_transmission:region2,power,2005-01-02 13:00:00,0.0
region1,ac_transmission:region2,power,2005-01-02 14:00:00,0.0
region1,ac_transmission:region2,power,2005-01-02 15:00:00,0.0
region1,ac_transmission:region2,power,2005-01-02 16:00:00,0.0
region1,ac_transmission:region2,power,2005-01-02 17:00:00,0.0
region1,ac_transmission:region2,power,2005-01-02 18:00:00,0.0
region1,ac_transmission:region2,power,2005-01-02 19:00:00,0.0
region1,ac_transmission:region2,power,2005-01-02 20:00:00,0.0
region1,ac_transmission:region2,power,2005-01-02 21:00:00,0.0
region1,ac_transmission:region2,power,2005-01-02 22:00:00,0.0
region1,ac_transmission:region2,power,2005-01-02 23:00:00,0.0
region1,ac_transmission:region2,power,2005-01-03 00:00:00,0.0
region1,ac_transmission:region2,power,2005-01-03 01:00:00,0.0
region1,ac_transmission:region2,power,2005-01-03 02:00:00,0.0
region1,ac_transmission:region2,power,2005-01-03 03:00:00,0.0
region1,ac_transmission:region2,power,2005-01-03 04:00:00,0.0
region1,ac_transmission:region2,power,2005-01-03 05:00:00,0.0
region1,ac_transmission:region2,power,2005-01-03 06:00:00,0.0
region1,ac_transmission:region2,power,2005-01-03 07:00:00,0.0
region1,ac_transmission:region2,power,2005-01-03 08:00:00,0.0
region1,ac_transmission:region2,power,2005-01-03 09:00:00,0.0
region1,ac_transmission:region2,power,2005-01-03 10:00:00,0.0
region1,ac_transmission:region2,power,2005-01-03 11:00:00,0.0
region1,ac_transmission:region2,power,2005-01-03 12:00:00,0.0
region1,ac_transmission:region2,power,2005-01-03 13:00:00,0.0
region1,ac_transmission:region2,power,2005-01-03 14:00:00,0.0
region1,ac_transmission:region2,power,2005-01-03 15:00:00,0.0
region1,ac_transmission:region2,power,2005-01-03 16:00:00,0.0
region1,ac_transmission:region2,power,2005-01-03 17:00:00,0.0
region1,ac_transmission:region2,power,2005-01-03 18:00:00,0.0
region1,ac_transmission:region2,power,2005-01-03 19:00:00,0.0
region1,ac_transmission:region2,power,2005-01-03 20:00:00,0.0
region1,ac_transmission:region2,power,2005-01-03 21:00:00,0.0
region1,ac_transmission:region2,power,2005-01-03 22:00:00,0.0
region1,ac_transmission:region2,power,2005-01-03 23:00:00,0.0
region1,ac_transmission:region2,power,2005-01-04 00:00:00,0.0
region1,ac_transmission:region2,power,2005-01-04 01:00:00,0.0
region1,ac_transmission:region2,power,2005-01-04 02:00:00,0.0
region1,ac_transmission:region2,power,2005-01-04 03:00:00,0.0
region1,ac_transmission:region2,power,2005-01-04 04:00:00,0.0
region1,ac_transmission:region2,power,2005-01-04 05:00:00,0.0
region1,ac_transmission:region2,power,2005-01-04 06:00:00,0.0
region1,ac_transmission:region2,power,2005-01-04 07:00:00,0.0
region1,ac_transmission:region2,power,2005-01-04 08:00:00,0.0
region1,ac_transmission:region2,power,2005-01-04 09:00:00,0.0
region1,ac_transmission:region2,power,2005-01-04 10:00:00,0.0
region1,ac_transmission:region2,power,2005-01-04 11:00:00,0.0
region1,ac_transmission:region2,power,2005-01-04 12:00:00,0.0
region1,ac_transmission:region2,power,2005-01-04 13:00:00,0.0
region1,ac_transmission:region2,power,2005-01-04 14:00:00,0.0
region1,ac_transmission:region2,power,2005-01-04 15:00:00,0.0
region1,ac_transmission:region2,power,2005-01-04 16:00:00,0.0
region1,ac_transmission:region2,power,2005-01-04 17:00:00,0.0
region1,ac_transmission:region2,power,2005-01-04 18:00:00,0.0
region1,ac_transmission:region2,power,2005-01-04 19:00:00,0.0
region1,ac_transmission:region2,power,2005-01-04 20:00:00,0.0
region1,ac_transmission:region2,power,2005-01-04 21:00:00,0.0
region1,ac_transmission:region2,power,2005-01-04 22:00:00,0.0
region1,ac_transmission:region2,power,2005-01-04 23:00:00,0.0
region1,ac_transmission:region2,power,2005-01-05 00:00:00,0.0
region1,ac_transmission:region2,power,2005-01-05 01:00:00,0.0
region1,ac_transmission:region2,power,2005-01-05 02:00:00,0.0
region1,ac_transmission:region2,power,2005-01-05 03:00:00,0.0
region1,ac_transmission:region2,power,2005-01-05 04:00:00,0.0
region1,ac_transmission:region2,power,2005-01-05 05:00:00,0.0
region1,ac_transmission:region2,power,2005-01-05 06:00:00,0.0
region1,ac_transmission:region2,power,2005-01-05 07:00:00,0.0
region1,ac_transmission:region2,power,2005-01-05 08:00:00,0.0
region1,ac_transmission:region2,power,2005-01-05 09:00:00,0.0
region1,ac_transmission:region2,power,2005-01-05 10:00:00,0.0
region1,ac_transmission:region2,power,2005-01-05 11:00:00,0.0
region1,ac_transmission:region2,power,2005-01-05 12:00:00,0.0
region1,ac_transmission:region2,power,2005-01-05 13:00:00,0.0
region1,ac_transmission:region2,power,2005-01-05 14:00:00,0.0
region1,ac_transmission:region2,power,2005-01-05 15:00:00,0.0
region1,ac_transmission:region2,power,2005-01-05 16:00:00,0.0
region1,ac_transmission:region2,power,2005-01-05 17:00:00,0.0
region1,ac_transmission:region2,power,2005-01-05 18:00:00,0.0
region1,ac_transmission:region2,power,2005-01-05 19:00:00,0.0
region1,ac_transmission:region2,power,2005-01-05 20:00:00,0.0
region1,ac_transmission:region2,power,2005-01-05 21:00:00,0.0
region1,ac_transmission:region2,power,2005-01-05 22:00:00,0.0
region1,ac_transmission:region2,power,2005-01-05 23:00:00,0.0
region1,ccgt,power,2005-01-01 00:00:00,0.931212
region1,ccgt,power,2005-01-01 01:00:00,0.8964890980392167
region1,ccgt,power,2005-01-01 02:00:00,0.87298908235294
region1,ccgt,power,2005-01-01 03:00:00,0.85434243137255
region1,ccgt,power,2005-01-01 04:00:00,0.8558349803921567
region1,ccgt,power,2005-01-01 05:00:00,0.87462431372549
region1,ccgt,power,2005-01-01 06:00:00,0.89894611764706
region1,ccgt,power,2005-01-01 07:00:00,0.8988967514750933
region1,ccgt,power,2005-01-01 08:00:00,0.6661056000000001
region1,ccgt,power,2005-01-01 09:00:00,0.6921141333333333
region1,ccgt,power,2005-01-01 10:00:00,0.7109037647058833
region1,ccgt,power,2005-01-01 11:00:00,0.7077346980392166
region1,ccgt,power,2005-01-01 12:00:00,0.7109202980392166
region1,ccgt,power,2005-01-01 13:00:00,0.72228883137255
region1,ccgt,power,2005-01-01 14:00:00,0.7617821647058833
region1,ccgt,power,2005-01-01 15:00:00,0.8132248313725501
region1,ccgt,power,2005-01-01 16:00:00,0.8614530980392167
region1,ccgt,power,2005-01-01 17:00:00,0.8731917647058833
region1,ccgt,power,2005-01-01 18:00:00,0.8456754980392133
region1,ccgt,power,2005-01-01 19:00:00,0.8153309647058833
region1,ccgt,power,2005-01-01 20:00:00,0.7798696313725499
region1,ccgt,power,2005-01-01 21:00:00,0.72463923137255
region1,ccgt,power,2005-01-01 22:00:00,0.7716395793228034
region1,ccgt,power,2005-01-01 23:00:00,0.94270483137255
region1,ccgt,power,2005-01-02 00:00:00,0.9207202980392166
region1,ccgt,power,2005-01-02 01:00:00,0.9124786980392167
region1,ccgt,power,2005-01-02 02:00:00,0.89429834181739
region1,ccgt,power,2005-01-02 03:00:00,0.93574003137255
region1,ccgt,power,2005-01-02 04:00:00,1.0
region1,ccgt,power,2005-01-02 05:00:00,1.0
region1,ccgt,power,2005-01-02 06:00:00,1.0
region1,ccgt,power,2005-01-02 07:00:00,1.0
region1,ccgt,power,2005-01-02 08:00:00,0.8954085333333334
region1,ccgt,power,2005-01-02 09:00:00,0.9151818666666666
region1,ccgt,power,2005-01-02 10:00:00,0.91267491764706
region1,ccgt,power,2005-01-02 11:00:00,0.9066823843137266
region1,ccgt,power,2005-01-02 12:00:00,0.9010224470588233
region1,ccgt,power,2005-01-02 13:00:00,0.9091437647058833
region1,ccgt,power,2005-01-02 14:00:00,0.9391653490196067
region1,ccgt,power,2005-01-02 15:00:00,0.9887391999999999
region1,ccgt,power,2005-01-02 16:00:00,1.0
region1,ccgt,power,2005-01-02 17:00:00,1.0
region1,ccgt,power,2005-01-02 18:00:00,1.0
region1,ccgt,power,2005-01-02 19:00:00,1.0
region1,ccgt,power,2005-01-02 20:00:00,1.0
region1,ccgt,power,2005-01-02 21:00:00,1.0
region1,ccgt,power,2005-01-02 22:00:00,1.0
region1,ccgt,power,2005-01-02 23:00:00,0.9928896156862733
region1,ccgt,power,2005-01-03 00:00:00,0.9878626980392167
region1,ccgt,power,2005-01-03 01:00:00,0.9792861647058834
region1,ccgt,power,2005-01-03 02:00:00,0.9824813647058833
region1,ccgt,power,2005-01-03 03:00:00,0.99700246730759
region1,ccgt,power,2005-01-03 04:00:00,1.0
region1,ccgt,power,2005-01-03 05:00:00,1.0
region1,ccgt,power,2005-01-03 06:00:00,1.0
region1,ccgt,power,2005-01-03 07:00:00,1.0
region1,ccgt,power,2005-01-03 08:00:00,1.0
region1,ccgt,power,2005-01-03 09:00:00,1.0
region1,ccgt,power,2005-01-03 10:00:00,1.0
region1,ccgt,power,2005-01-03 11:00:00,1.0
region1,ccgt,power,2005-01-03 12:00:00,1.0
region1,ccgt,power,2005-01-03 13:00:00,1.0
region1,ccgt,power,2005-01-03 14:00:00,1.0
region1,ccgt,power,2005-01-03 15:00:00,1.0
region1,ccgt,power,2005-01-03 16:00:00,1.0
region1,ccgt,power,2005-01-03 17:00:00,1.0
region1,ccgt,power,2005-01-03 18:00:00,1.0
region1,ccgt,power,2005-01-03 19:00:00,1.0
region1,ccgt,power,2005-01-03 20:00:00,1.0
region1,ccgt,power,2005-01-03 21:00:00,1.0
region1,ccgt,power,2005-01-03 22:00:00,1.0
region1,ccgt,power,2005-01-03 23:00:00,1.0
region1,ccgt,power,2005-01-04 00:00:00,1.0
region1,ccgt,power,2005-01-04 01:00:00,0.99907923137255
region1,ccgt,power,2005-01-04 02:00:00,1.0
region1,ccgt,power,2005-01-04 03:00:00,1.0
region1,ccgt,power,2005-01-04 04:00:00,1.0
region1,ccgt,power,2005-01-04 05:00:00,1.0
region1,ccgt,power,2005-01-04 06:00:00,1.0
region1,ccgt,power,2005-01-04 07:00:00,1.0
region1,ccgt,power,2005-01-04 08:00:00,1.0
region1,ccgt,power,2005-01-04 09:00:00,1.0
region1,ccgt,power,2005-01-04 10:00:00,1.0
region1,ccgt,power,2005-01-04 11:00:00,1.0
region1,ccgt,power,2005-01-04 12:00:00,1.0
region1,ccgt,power,2005-01-04 13:00:00,1.0
region1,ccgt,power,2005-01-04 14:00:00,1.0
region1,ccgt,power,2005-01-04 15:00:00,1.0
region1,ccgt,power,2005-01-04 16:00:00,1.0
region1,ccgt,power,2005-01-04 17:00:00,1.0
region1,ccgt,power,2005-01-04 18:00:00,1.0
region1,ccgt,power,2005-01-04 19:00:00,1.0
region1,ccgt,power,2005-01-04 20:00:00,1.0
region1,ccgt,power,2005-01-04 21:00:00,1.0
region1,ccgt,power,2005-01-04 22:00:00,1.0
region1,ccgt,power,2005-01-04 23:00:00,1.0
region1,ccgt,power,2005-01-05 00:00:00,1.0
region1,ccgt,power,2005-01-05 01:00:00,1.0
region1,ccgt,power,2005-01-05 02:00:00,1.0
region1,ccgt,power,2005-01-05 03:00:00,1.0
region1,ccgt,power,2005-01-05 04:00:00,1.0
region1,ccgt,power,2005-01-05 05:00:00,1.0
region1,ccgt,power,2005-01-05 06:00:00,1.0
region1,ccgt,power,2005-01-05 07:00:00,1.0
region1,ccgt,power,2005-01-05 08:00:00,1.0
region1,ccgt,power,2005-01-05 09:00:00,1.0
region1,ccgt,power,2005-01-05 10:00:00,1.0
region1,ccgt,power,2005-01-05 11:00:00,1.0
region1,ccgt,power,2005-01-05 12:00:00,1.0
region1,ccgt,power,2005-01-05 13:00:00,1.0
region1,ccgt,power,2005-01-05 14:00:00,1.0
region1,ccgt,power,2005-01-05 15:00:00,1.0
region1,ccgt,power,2005-01-05 16:00:00,1.0
region1,ccgt,power,2005-01-05 17:00:00,1.0
region1,ccgt,power,2005-01-05 18:00:00,1.0
region1,ccgt,power,2005-01-05 19:00:00,0.9853768313725499
region1,ccgt,power,2005-01-05 20:00:00,0.9236426509803933
region1,ccgt,power,2005-01-05 21:00:00,0.8411376
region1,ccgt,power,2005-01-05 22:00:00,0.7680834666666667
region1,ccgt,power,2005-01-05 23:00:00,0.7866331152398499
region1,free_transmission:region1-1,power,2005-01-01 00:00:00,0.0
region1,free_transmission:region1-1,power,2005-01-01 01:00:00,0.0
region1,free_transmission:region1-1,power,2005-01-01 02:00:00,0.0
region1,free_transmission:region1-1,power,2005-01-01 03:00:00,0.0
region1,free_transmission:region1-1,power,2005-01-01 04:00:00,0.0
region1,free_transmission:region1-1,power,2005-01-01 05:00:00,0.0
region1,free_transmission:region1-1,power,2005-01-01 06:00:00,0.0
region1,free_transmission:region1-1,power,2005-01-01 07:00:00,0.10924021403726855
region1,free_transmission:region1-1,power,2005-01-01 08:00:00,1.0
region1,free_transmission:region1-1,power,2005-01-01 09:00:00,1.0
region1,free_transmission:region1-1,power,2005-01-01 10:00:00,1.0
region1,free_transmission:region1-1,power,2005-01-01 11:00:00,1.0
region1,free_transmission:region1-1,power,2005-01-01 12:00:00,1.0
region1,free_transmission:region1-1,power,2005-01-01 13:00:00,1.0
region1,free_transmission:region1-1,power,2005-01-01 14:00:00,1.0
region1,free_transmission:region1-1,power,2005-01-01 15:00:00,1.0
region1,free_transmission:region1-1,power,2005-01-01 16:00:00,1.0
region1,free_transmission:region1-1,power,2005-01-01 17:00:00,1.0
region1,free_transmission:region1-1,power,2005-01-01 18:00:00,1.0000000000000056
region1,free_transmission:region1-1,power,2005-01-01 19:00:00,1.0
region1,free_transmission:region1-1,power,2005-01-01 20:00:00,1.0
region1,free_transmission:region1-1,power,2005-01-01 21:00:00,1.0
region1,free_transmission:region1-1,power,2005-01-01 22:00:00,0.6758797290547077
region1,free_transmission:region1-1,power,2005-01-01 23:00:00,0.0
region1,free_transmission:region1-1,power,2005-01-02 00:00:00,0.0
region1,free_transmission:region1-1,power,2005-01-02 01:00:00,0.0
region1,free_transmission:region1-1,power,2005-01-02 02:00:00,0.0
region1,free_transmission:region1-1,power,2005-01-02 03:00:00,0.0
region1,free_transmission:region1-1,power,2005-01-02 04:00:00,0.0
region1,free_transmission:region1-1,power,2005-01-02 05:00:00,0.20544993464052222
region1,free_transmission:region1-1,power,2005-01-02 06:00:00,0.40733328104575106
region1,free_transmission:region1-1,power,2005-01-02 07:00:00,0.5435982745098034
region1,free_transmission:region1-1,power,2005-01-02 08:00:00,1.0
region1,free_transmission:region1-1,power,2005-01-02 09:00:00,1.0
region1,free_transmission:region1-1,power,2005-01-02 10:00:00,1.0
region1,free_transmission:region1-1,power,2005-01-02 11:00:00,1.0
region1,free_transmission:region1-1,power,2005-01-02 12:00:00,1.0
region1,free_transmission:region1-1,power,2005-01-02 13:00:00,1.0
region1,free_transmission:region1-1,power,2005-01-02 14:00:00,1.0
region1,free_transmission:region1-1,power,2005-01-02 15:00:00,1.0
region1,free_transmission:region1-1,power,2005-01-02 16:00:00,1.0
region1,free_transmission:region1-1,power,2005-01-02 17:00:00,1.0
region1,free_transmission:region1-1,power,2005-01-02 18:00:00,0.9512081045751634
region1,free_transmission:region1-1,power,2005-01-02 19:00:00,0.7801912156862744
region1,free_transmission:region1-1,power,2005-01-02 20:00:00,0.5878915032679733
region1,free_transmission:region1-1,power,2005-01-02 21:00:00,0.3266435555555555
region1,free_transmission:region1-1,power,2005-01-02 22:00:00,0.09927555555555488
region1,free_transmission:region1-1,power,2005-01-02 23:00:00,0.0
region1,free_transmission:region1-1,power,2005-01-03 00:00:00,0.0
region1,free_transmission:region1-1,power,2005-01-03 01:00:00,0.0
region1,free_transmission:region1-1,power,2005-01-03 02:00:00,0.0
region1,free_transmission:region1-1,power,2005-01-03 03:00:00,0.0
region1,free_transmission:region1-1,power,2005-01-03 04:00:00,0.17858237908496777
region1,free_transmission:region1-1,power,2005-01-03 05:00:00,0.49677615686274446
region1,free_transmission:region1-1,power,2005-01-03 06:00:00,0.7143839477124155
region1,free_transmission:region1-1,power,2005-01-03 07:00:00,0.8323787189542489
region1,free_transmission:region1-1,power,2005-01-03 08:00:00,0.904608
region1,free_transmission:region1-1,power,2005-01-03 09:00:00,0.937344
region1,free_transmission:region1-1,power,2005-01-03 10:00:00,0.90807905882353
region1,free_transmission:region1-1,power,2005-01-03 11:00:00,0.8739528366013077
region1,free_transmission:region1-1,power,2005-01-03 12:00:00,0.8572552679738555
region1,free_transmission:region1-1,power,2005-01-03 13:00:00,0.8899174379084966
region1,free_transmission:region1-1,power,2005-01-03 14:00:00,0.9918133856209156
region1,free_transmission:region1-1,power,2005-01-03 15:00:00,1.0
region1,free_transmission:region1-1,power,2005-01-03 16:00:00,1.0
region1,free_transmission:region1-1,power,2005-01-03 17:00:00,1.0
region1,free_transmission:region1-1,power,2005-01-03 18:00:00,1.0
region1,free_transmission:region1-1,power,2005-01-03 19:00:00,0.89813788235294
region1,free_transmission:region1-1,power,2005-01-03 20:00:00,0.7015743267973855
region1,free_transmission:region1-1,power,2005-01-03 21:00:00,0.4517076601307189
region1,free_transmission:region1-1,power,2005-01-03 22:00:00,0.24467654901960778
region1,free_transmission:region1-1,power,2005-01-03 23:00:00,0.11021254901959578
region1,free_transmission:region1-1,power,2005-01-04 00:00:00,0.02948721568627411
region1,free_transmission:region1-1,power,2005-01-04 01:00:00,0.0
region1,free_transmission:region1-1,power,2005-01-04 02:00:00,0.010600104575163322
region1,free_transmission:region1-1,power,2005-01-04 03:00:00,0.07147477124182967
region1,free_transmission:region1-1,power,2005-01-04 04:00:00,0.2866457640903078
region1,free_transmission:region1-1,power,2005-01-04 05:00:00,0.5654374901960778
region1,free_transmission:region1-1,power,2005-01-04 06:00:00,0.7863626143790844
region1,free_transmission:region1-1,power,2005-01-04 07:00:00,0.9011751633986934
region1,free_transmission:region1-1,power,2005-01-04 08:00:00,0.9696142222222223
region1,free_transmission:region1-1,power,2005-01-04 09:00:00,1.0
region1,free_transmission:region1-1,power,2005-01-04 10:00:00,0.9838347695037389
region1,free_transmission:region1-1,power,2005-01-04 11:00:00,0.9484239477124178
region1,free_transmission:region1-1,power,2005-01-04 12:00:00,0.9338490457516333
region1,free_transmission:region1-1,power,2005-01-04 13:00:00,0.9542001045751621
region1,free_transmission:region1-1,power,2005-01-04 14:00:00,1.0
region1,free_transmission:region1-1,power,2005-01-04 15:00:00,1.0
region1,free_transmission:region1-1,power,2005-01-04 16:00:00,1.0
region1,free_transmission:region1-1,power,2005-01-04 17:00:00,1.0
region1,free_transmission:region1-1,power,2005-01-04 18:00:00,1.0
region1,free_transmission:region1-1,power,2005-01-04 19:00:00,0.9549556601307189
region1,free_transmission:region1-1,power,2005-01-04 20:00:00,0.7638978823529411
region1,free_transmission:region1-1,power,2005-01-04 21:00:00,0.5039903267973855
region1,free_transmission:region1-1,power,2005-01-04 22:00:00,0.2882338823529411
region1,free_transmission:region1-1,power,2005-01-04 23:00:00,0.14606854901960778
region1,free_transmission:region1-1,power,2005-01-05 00:00:00,0.06713343790849623
region1,free_transmission:region1-1,power,2005-01-05 01:00:00,0.037353882352941
region1,free_transmission:region1-1,power,2005-01-05 02:00:00,0.05069610457516312
region1,free_transmission:region1-1,power,2005-01-05 03:00:00,0.11597610457516334
region1,free_transmission:region1-1,power,2005-01-05 04:00:00,0.36728277124182995
region1,free_transmission:region1-1,power,2005-01-05 05:00:00,0.6900626125685756
region1,free_transmission:region1-1,power,2005-01-05 06:00:00,0.8472692810457522
region1,free_transmission:region1-1,power,2005-01-05 07:00:00,0.96213694117647
region1,free_transmission:region1-1,power,2005-01-05 08:00:00,1.0
region1,free_transmission:region1-1,power,2005-01-05 09:00:00,1.0
region1,free_transmission:region1-1,power,2005-01-05 10:00:00,1.0
region1,free_transmission:region1-1,power,2005-01-05 11:00:00,1.0
region1,free_transmission:region1-1,power,2005-01-05 12:00:00,1.0
region1,free_transmission:region1-1,power,2005-01-05 13:00:00,1.0
region1,free_transmission:region1-1,power,2005-01-05 14:00:00,1.0
region1,free_transmission:region1-1,power,2005-01-05 15:00:00,1.0
region1,free_transmission:region1-1,power,2005-01-05 16:00:00,1.0
region1,free_transmission:region1-1,power,2005-01-05 17:00:00,1.0
region1,free_transmission:region1-1,power,2005-01-05 18:00:00,1.0
region1,free_transmission:region1-1,power,2005-01-05 19:00:00,1.0
region1,free_transmission:region1-1,power,2005-01-05 20:00:00,1.0
region1,free_transmission:region1-1,power,2005-01-05 21:00:00,1.0
region1,free_transmission:region1-1,power,2005-01-05 22:00:00,1.000000000000001
region1,free_transmission:region1-1,power,2005-01-05 23:00:00,0.8037812237103032
region1,free_transmission:region1-2,power,2005-01-01 00:00:00,0.0
region1,free_transmission:region1-2,power,2005-01-01 01:00:00,0.0
region1,free_transmission:region1-2,power,2005-01-01 02:00:00,0.0
region1,free_transmission:region1-2,power,2005-01-01 03:00:00,0.0
region1,free_transmission:region1-2,power,2005-01-01 04:00:00,0.0
region1,free_transmission:region1-2,power,2005-01-01 05:00:00,0.0
region1,free_transmission:region1-2,power,2005-01-01 06:00:00,0.0
region1,free_transmission:region1-2,power,2005-01-01 07:00:00,0.0
region1,free_transmission:region1-2,power,2005-01-01 08:00:00,0.0
region1,free_transmission:region1-2,power,2005-01-01 09:00:00,0.0
region1,free_transmission:region1-2,power,2005-01-01 10:00:00,0.0
region1,free_transmission:region1-2,power,2005-01-01 11:00:00,0.0
region1,free_transmission:region1-2,power,2005-01-01 12:00:00,0.0
region1,free_transmission:region1-2,power,2005-01-01 13:00:00,0.0
region1,free_transmission:region1-2,power,2005-01-01 14:00:00,0.0
region1,free_transmission:region1-2,power,2005-01-01 15:00:00,0.0
region1,free_transmission:region1-2,power,2005-01-01 16:00:00,0.0
region1,free_transmission:region1-2,power,2005-01-01 17:00:00,0.0
region1,free_transmission:region1-2,power,2005-01-01 18:00:00,0.0
region1,free_transmission:region1-2,power,2005-01-01 19:00:00,0.0
region1,free_transmission:region1-2,power,2005-01-01 20:00:00,0.0
region1,free_transmission:region1-2,power,2005-01-01 21:00:00,0.0
region1,free_transmission:region1-2,power,2005-01-01 22:00:00,0.0
region1,free_transmission:region1-2,power,2005-01-01 23:00:00,0.0
region1,free_transmission:region1-2,power,2005-01-02 00:00:00,0.0
region1,free_transmission:region1-2,power,2005-01-02 01:00:00,0.0
region1,free_transmission:region1-2,power,2005-01-02 02:00:00,0.0
region1,free_transmission:region1-2,power,2005-01-02 03:00:00,0.0
region1,free_transmission:region1-2,power,2005-01-02 04:00:00,0.0
region1,free_transmission:region1-2,power,2005-01-02 05:00:00,0.0
region1,free_transmission:region1-2,power,2005-01-02 06:00:00,0.0
region1,free_transmission:region1-2,power,2005-01-02 07:00:00,0.0
region1,free_transmission:region1-2,power,2005-01-02 08:00:00,0.0
region1,free_transmission:region1-2,power,2005-01-02 09:00:00,0.0
region1,free_transmission:region1-2,power,2005-01-02 10:00:00,0.0
region1,free_transmission:region1-2,power,2005-01-02 11:00:00,0.0
region1,free_transmission:region1-2,power,2005-01-02 12:00:00,0.0
region1,free_transmission:region1-2,power,2005-01-02 13:00:00,0.0
region1,free_transmission:region1-2,power,2005-01-02 14:00:00,0.0
region1,free_transmission:region1-2,power,2005-01-02 15:00:00,0.0
region1,free_transmission:region1-2,power,2005-01-02 16:00:00,0.0
region1,free_transmission:region1-2,power,2005-01-02 17:00:00,0.0
region1,free_transmission:region1-2,power,2005-01-02 18:00:00,0.0
region1,free_transmission:region1-2,power,2005-01-02 19:00:00,0.0
region1,free_transmission:region1-2,power,2005-01-02 20:00:00,0.0
region1,free_transmission:region1-2,power,2005-01-02 21:00:00,0.0
region1,free_transmission:region1-2,power,2005-01-02 22:00:00,0.0
region1,free_transmission:region1-2,power,2005-01-02 23:00:00,0.0
region1,free_transmission:region1-2,power,2005-01-03 00:00:00,0.0
region1,free_transmission:region1-2,power,2005-01-03 01:00:00,0.0
region1,free_transmission:region1-2,power,2005-01-03 02:00:00,0.0
region1,free_transmission:region1-2,power,2005-01-03 03:00:00,0.0
region1,free_transmission:region1-2,power,2005-01-03 04:00:00,0.0
region1,free_transmission:region1-2,power,2005-01-03 05:00:00,0.0
region1,free_transmission:region1-2,power,2005-01-03 06:00:00,0.0
region1,free_transmission:region1-2,power,2005-01-03 07:00:00,0.0
region1,free_transmission:region1-2,power,2005-01-03 08:00:00,0.0
region1,free_transmission:region1-2,power,2005-01-03 09:00:00,0.0
region1,free_transmission:region1-2,power,2005-01-03 10:00:00,0.0
region1,free_transmission:region1-2,power,2005-01-03 11:00:00,0.0
region1,free_transmission:region1-2,power,2005-01-03 12:00:00,0.0
region1,free_transmission:region1-2,power,2005-01-03 13:00:00,0.0
region1,free_transmission:region1-2,power,2005-01-03 14:00:00,0.0
region1,free_transmission:region1-2,power,2005-01-03 15:00:00,0.0
region1,free_transmission:region1-2,power,2005-01-03 16:00:00,0.0
region1,free_transmission:region1-2,power,2005-01-03 17:00:00,0.0
region1,free_transmission:region1-2,power,2005-01-03 18:00:00,0.0
region1,free_transmission:region1-2,power,2005-01-03 19:00:00,0.0
region1,free_transmission:region1-2,power,2005-01-03 20:00:00,0.0
region1,free_transmission:region1-2,power,2005-01-03 21:00:00,0.0
region1,free_transmission:region1-2,power,2005-01-03 22:00:00,0.0
region1,free_transmission:region1-2,power,2005-01-03 23:00:00,0.0
region1,free_transmission:region1-2,power,2005-01-04 00:00:00,0.0
region1,free_transmission:region1-2,power,2005-01-04 01:00:00,0.0
region1,free_transmission:region1-2,power,2005-01-04 02:00:00,0.0
region1,free_transmission:region1-2,power,2005-01-04 03:00:00,0.0
region1,free_transmission:region1-2,power,2005-01-04 04:00:00,0.0
region1,free_transmission:region1-2,power,2005-01-04 05:00:00,0.0
region1,free_transmission:region1-2,power,2005-01-04 06:00:00,0.0
region1,free_transmission:region1-2,power,2005-01-04 07:00:00,0.0
region1,free_transmission:region1-2,power,2005-01-04 08:00:00,0.0
region1,free_transmission:region1-2,power,2005-01-04 09:00:00,0.0
region1,free_transmission:region1-2,power,2005-01-04 10:00:00,0.0
region1,free_transmission:region1-2,power,2005-01-04 11:00:00,0.0
region1,free_transmission:region1-2,power,2005-01-04 12:00:00,0.0
region1,free_transmission:region1-2,power,2005-01-04 13:00:00,0.0
region1,free_transmission:region1-2,power,2005-01-04 14:00:00,0.0
region1,free_transmission:region1-2,power,2005-01-04 15:00:00,0.0
region1,free_transmission:region1-2,power,2005-01-04 16:00:00,0.0
region1,free_transmission:region1-2,power,2005-01-04 17:00:00,0.0
region1,free_transmission:region1-2,power,2005-01-04 18:00:00,0.0
region1,free_transmission:region1-2,power,2005-01-04 19:00:00,0.0
region1,free_transmission:region1-2,power,2005-01-04 20:00:00,0.0
region1,free_transmission:region1-2,power,2005-01-04 21:00:00,0.0
region1,free_transmission:region1-2,power,2005-01-04 22:00:00,0.0
region1,free_transmission:region1-2,power,2005-01-04 23:00:00,0.0
region1,free_transmission:region1-2,power,2005-01-05 00:00:00,0.0
region1,free_transmission:region1-2,power,2005-01-05 01:00:00,0.0
region1,free_transmission:region1-2,power,2005-01-05 02:00:00,0.0
region1,free_transmission:region1-2,power,2005-01-05 03:00:00,0.0
region1,free_transmission:region1-2,power,2005-01-05 04:00:00,0.0
region1,free_transmission:region1-2,power,2005-01-05 05:00:00,0.0
region1,free_transmission:region1-2,power,2005-01-05 06:00:00,0.0
region1,free_transmission:region1-2,power,2005-01-05 07:00:00,0.0
region1,free_transmission:region1-2,power,2005-01-05 08:00:00,0.0
region1,free_transmission:region1-2,power,2005-01-05 09:00:00,inf
region1,free_transmission:region1-2,power,2005-01-05 10:00:00,0.0
region1,free_transmission:region1-2,power,2005-01-05 11:00:00,0.0
region1,free_transmission:region1-2,power,2005-01-05 12:00:00,0.0
region1,free_transmission:region1-2,power,2005-01-05 13:00:00,0.0
region1,free_transmission:region1-2,power,2005-01-05 14:00:00,0.0
region1,free_transmission:region1-2,power,2005-01-05 15:00:00,0.0
region1,free_transmission:region1-2,power,2005-01-05 16:00:00,0.0
region1,free_transmission:region1-2,power,2005-01-05 17:00:00,0.0
region1,free_transmission:region1-2,power,2005-01-05 18:00:00,0.0
region1,free_transmission:region1-2,power,2005-01-05 19:00:00,0.0
region1,free_transmission:region1-2,power,2005-01-05 20:00:00,0.0
region1,free_transmission:region1-2,power,2005-01-05 21:00:00,0.0
region1,free_transmission:region1-2,power,2005-01-05 22:00:00,0.0
region1,free_transmission:region1-2,power,2005-01-05 23:00:00,0.0
region1,free_transmission:region1-3,power,2005-01-01 00:00:00,0.0
region1,free_transmission:region1-3,power,2005-01-01 01:00:00,0.0
region1,free_transmission:region1-3,power,2005-01-01 02:00:00,0.0
region1,free_transmission:region1-3,power,2005-01-01 03:00:00,0.0
region1,free_transmission:region1-3,power,2005-01-01 04:00:00,0.0
region1,free_transmission:region1-3,power,2005-01-01 05:00:00,0.0
region1,free_transmission:region1-3,power,2005-01-01 06:00:00,0.0
region1,free_transmission:region1-3,power,2005-01-01 07:00:00,0.0
region1,free_transmission:region1-3,power,2005-01-01 08:00:00,0.0
region1,free_transmission:region1-3,power,2005-01-01 09:00:00,0.0
region1,free_transmission:region1-3,power,2005-01-01 10:00:00,0.0
region1,free_transmission:region1-3,power,2005-01-01 11:00:00,0.0
region1,free_transmission:region1-3,power,2005-01-01 12:00:00,0.0
region1,free_transmission:region1-3,power,2005-01-01 13:00:00,0.0
region1,free_transmission:region1-3,power,2005-01-01 14:00:00,0.0
region1,free_transmission:region1-3,power,2005-01-01 15:00:00,0.0
region1,free_transmission:region1-3,power,2005-01-01 16:00:00,0.0
region1,free_transmission:region1-3,power,2005-01-01 17:00:00,0.0
region1,free_transmission:region1-3,power,2005-01-01 18:00:00,0.0
region1,free_transmission:region1-3,power,2005-01-01 19:00:00,0.0
region1,free_transmission:region1-3,power,2005-01-01 20:00:00,0.0
region1,free_transmission:region1-3,power,2005-01-01 21:00:00,0.0
region1,free_transmission:region1-3,power,2005-01-01 22:00:00,0.0
region1,free_transmission:region1-3,power,2005-01-01 23:00:00,0.0
region1,free_transmission:region1-3,power,2005-01-02 00:00:00,0.0
region1,free_transmission:region1-3,power,2005-01-02 01:00:00,0.0
region1,free_transmission:region1-3,power,2005-01-02 02:00:00,0.0
region1,free_transmission:region1-3,power,2005-01-02 03:00:00,0.0
region1,free_transmission:region1-3,power,2005-01-02 04:00:00,0.0
region1,free_transmission:region1-3,power,2005-01-02 05:00:00,0.0
region1,free_transmission:region1-3,power,2005-01-02 06:00:00,0.0
region1,free_transmission:region1-3,power,2005-01-02 07:00:00,0.0
region1,free_transmission:region1-3,power,2005-01-02 08:00:00,0.0
region1,free_transmission:region1-3,power,2005-01-02 09:00:00,0.0
region1,free_transmission:region1-3,power,2005-01-02 10:00:00,0.0
region1,free_transmission:region1-3,power,2005-01-02 11:00:00,0.0
region1,free_transmission:region1-3,power,2005-01-02 12:00:00,0.0
region1,free_transmission:region1-3,power,2005-01-02 13:00:00,0.0
region1,free_transmission:region1-3,power,2005-01-02 14:00:00,0.0
region1,free_transmission:region1-3,power,2005-01-02 15:00:00,0.0
region1,free_transmission:region1-3,power,2005-01-02 16:00:00,0.02906958987333328
region1,free_transmission:region1-3,power,2005-01-02 17:00:00,0.01607859970036239
region1,free_transmission:region1-3,power,2005-01-02 18:00:00,0.0
region1,free_transmission:region1-3,power,2005-01-02 19:00:00,0.0
region1,free_transmission:region1-3,power,2005-01-02 20:00:00,0.0
region1,free_transmission:region1-3,power,2005-01-02 21:00:00,0.0
region1,free_transmission:region1-3,power,2005-01-02 22:00:00,0.0
region1,free_transmission:region1-3,power,2005-01-02 23:00:00,0.0
region1,free_transmission:region1-3,power,2005-01-03 00:00:00,0.0
region1,free_transmission:region1-3,power,2005-01-03 01:00:00,0.0
region1,free_transmission:region1-3,power,2005-01-03 02:00:00,0.0
region1,free_transmission:region1-3,power,2005-01-03 03:00:00,0.0
region1,free_transmission:region1-3,power,2005-01-03 04:00:00,0.0
region1,free_transmission:region1-3,power,2005-01-03 05:00:00,0.0
region1,free_transmission:region1-3,power,2005-01-03 06:00:00,0.0
region1,free_transmission:region1-3,power,2005-01-03 07:00:00,0.0
region1,free_transmission:region1-3,power,2005-01-03 08:00:00,0.0
region1,free_transmission:region1-3,power,2005-01-03 09:00:00,0.0
region1,free_transmission:region1-3,power,2005-01-03 10:00:00,0.0
region1,free_transmission:region1-3,power,2005-01-03 11:00:00,0.0
region1,free_transmission:region1-3,power,2005-01-03 12:00:00,0.0
region1,free_transmission:region1-3,power,2005-01-03 13:00:00,0.0
region1,free_transmission:region1-3,power,2005-01-03 14:00:00,0.0
region1,free_transmission:region1-3,power,2005-01-03 15:00:00,0.09527221399061689
region1,free_transmission:region1-3,power,2005-01-03 16:00:00,1.0
region1,free_transmission:region1-3,power,2005-01-03 17:00:00,0.6144054050707642
region1,free_transmission:region1-3,power,2005-01-03 18:00:00,0.0
region1,free_transmission:region1-3,power,2005-01-03 19:00:00,0.0
region1,free_transmission:region1-3,power,2005-01-03 20:00:00,0.0
region1,free_transmission:region1-3,power,2005-01-03 21:00:00,0.0
region1,free_transmission:region1-3,power,2005-01-03 22:00:00,0.0
region1,free_transmission:region1-3,power,2005-01-03 23:00:00,0.0
region1,free_transmission:region1-3,power,2005-01-04 00:00:00,0.0
region1,free_transmission:region1-3,power,2005-01-04 01:00:00,0.0
region1,free_transmission:region1-3,power,2005-01-04 02:00:00,0.0
region1,free_transmission:region1-3,power,2005-01-04 03:00:00,0.0
region1,free_transmission:region1-3,power,2005-01-04 04:00:00,0.0
region1,free_transmission:region1-3,power,2005-01-04 05:00:00,0.0
region1,free_transmission:region1-3,power,2005-01-04 06:00:00,0.0
region1,free_transmission:region1-3,power,2005-01-04 07:00:00,0.0
region1,free_transmission:region1-3,power,2005-01-04 08:00:00,0.0
region1,free_transmission:region1-3,power,2005-01-04 09:00:00,0.0
region1,free_transmission:region1-3,power,2005-01-04 10:00:00,0.0
region1,free_transmission:region1-3,power,2005-01-04 11:00:00,0.0
region1,free_transmission:region1-3,power,2005-01-04 12:00:00,0.0
region1,free_transmission:region1-3,power,2005-01-04 13:00:00,0.0
region1,free_transmission:region1-3,power,2005-01-04 14:00:00,0.0
region1,free_transmission:region1-3,power,2005-01-04 15:00:00,0.2904391826357568
region1,free_transmission:region1-3,power,2005-01-04 16:00:00,0.9686228543363146
region1,free_transmission:region1-3,power,2005-01-04 17:00:00,0.8479588593880935
region1,free_transmission:region1-3,power,2005-01-04 18:00:00,0.07071558580384671
region1,free_transmission:region1-3,power,2005-01-04 19:00:00,0.0
region1,free_transmission:region1-3,power,2005-01-04 20:00:00,0.0
region1,free_transmission:region1-3,power,2005-01-04 21:00:00,0.0
region1,free_transmission:region1-3,power,2005-01-04 22:00:00,0.0
region1,free_transmission:region1-3,power,2005-01-04 23:00:00,0.0
region1,free_transmission:region1-3,power,2005-01-05 00:00:00,0.0
region1,free_transmission:region1-3,power,2005-01-05 01:00:00,0.0
region1,free_transmission:region1-3,power,2005-01-05 02:00:00,0.0
region1,free_transmission:region1-3,power,2005-01-05 03:00:00,0.0
region1,free_transmission:region1-3,power,2005-01-05 04:00:00,0.0
region1,free_transmission:region1-3,power,2005-01-05 05:00:00,0.0
region1,free_transmission:region1-3,power,2005-01-05 06:00:00,0.0
region1,free_transmission:region1-3,power,2005-01-05 07:00:00,0.0
region1,free_transmission:region1-3,power,2005-01-05 08:00:00,0.0
region1,free_transmission:region1-3,power,2005-01-05 09:00:00,0.0
region1,free_transmission:region1-3,power,2005-01-05 10:00:00,0.0
region1,free_transmission:region1-3,power,2005-01-05 11:00:00,0.0
region1,free_transmission:region1-3,power,2005-01-05 12:00:00,0.0
region1,free_transmission:region1-3,power,2005-01-05 13:00:00,0.0
region1,free_transmission:region1-3,power,2005-01-05 14:00:00,0.0
region1,free_transmission:region1-3,power,2005-01-05 15:00:00,0.403269209339186
region1,free_transmission:region1-3,power,2005-01-05 16:00:00,1.0
region1,free_transmission:region1-3,power,2005-01-05 17:00:00,0.8023455266600928
region1,free_transmission:region1-3,power,2005-01-05 18:00:00,0.040790825907690294
region1,free_transmission:region1-3,power,2005-01-05 19:00:00,0.0
region1,free_transmission:region1-3,power,2005-01-05 20:00:00,0.0
region1,free_transmission:region1-3,power,2005-01-05 21:00:00,0.0
region1,free_transmission:region1-3,power,2005-01-05 22:00:00,0.0
region1,free_transmission:region1-3,power,2005-01-05 23:00:00,0.0
region2,ac_transmission:region1,power,2005-01-01 00:00:00,0.6977609907418401
region2,ac_transmission:region1,power,2005-01-01 01:00:00,0.6597015479794983
region2,ac_transmission:region1,power,2005-01-01 02:00:00,0.6470148606905857
region2,ac_transmission:region1,power,2005-01-01 03:00:00,0.6597015479794983
region2,ac_transmission:region1,power,2005-01-01 04:00:00,0.672388235268411
region2,ac_transmission:region1,power,2005-01-01 05:00:00,0.672388235268411
region2,ac_transmission:region1,power,2005-01-01 06:00:00,0.6850743034529274
region2,ac_transmission:region1,power,2005-01-01 07:00:00,0.7104476780307528
region2,ac_transmission:region1,power,2005-01-01 08:00:00,0.7611938080820074
region2,ac_transmission:region1,power,2005-01-01 09:00:00,0.7611938080820074
region2,ac_transmission:region1,power,2005-01-01 10:00:00,0.8500000000000001
region2,ac_transmission:region1,power,2005-01-01 11:00:00,0.8500000000000001
region2,ac_transmission:region1,power,2005-01-01 12:00:00,0.8500000000000001
region2,ac_transmission:region1,power,2005-01-01 13:00:00,0.8500000000000001
region2,ac_transmission:region1,power,2005-01-01 14:00:00,0.8500000000000001
region2,ac_transmission:region1,power,2005-01-01 15:00:00,0.8500000000000001
region2,ac_transmission:region1,power,2005-01-01 16:00:00,0.8500000000000001
region2,ac_transmission:region1,power,2005-01-01 17:00:00,0.8500000000000001
region2,ac_transmission:region1,power,2005-01-01 18:00:00,0.8500000000000001
region2,ac_transmission:region1,power,2005-01-01 19:00:00,0.8500000000000001
region2,ac_transmission:region1,power,2005-01-01 20:00:00,0.8500000000000001
region2,ac_transmission:region1,power,2005-01-01 21:00:00,0.8500000000000001
region2,ac_transmission:region1,power,2005-01-01 22:00:00,0.8500000000000001
region2,ac_transmission:region1,power,2005-01-01 23:00:00,0.8500000000000001
region2,ac_transmission:region1,power,2005-01-02 00:00:00,0.8500000000000001
region2,ac_transmission:region1,power,2005-01-02 01:00:00,0.8500000000000001
region2,ac_transmission:region1,power,2005-01-02 02:00:00,0.6817923432416529
region2,ac_transmission:region1,power,2005-01-02 03:00:00,0.8500000000000001
region2,ac_transmission:region1,power,2005-01-02 04:00:00,0.8333642934088691
region2,ac_transmission:region1,power,2005-01-02 05:00:00,0.672388235268411
region2,ac_transmission:region1,power,2005-01-02 06:00:00,0.6850743034529274
region2,ac_transmission:region1,power,2005-01-02 07:00:00,0.7104476780307528
region2,ac_transmission:region1,power,2005-01-02 08:00:00,0.7611938080820074
region2,ac_transmission:region1,power,2005-01-02 09:00:00,0.7611938080820074
region2,ac_transmission:region1,power,2005-01-02 10:00:00,0.7485071207930948
region2,ac_transmission:region1,power,2005-01-02 11:00:00,0.7485071207930948
region2,ac_transmission:region1,power,2005-01-02 12:00:00,0.7358210526085783
region2,ac_transmission:region1,power,2005-01-02 13:00:00,0.7231343653196655
region2,ac_transmission:region1,power,2005-01-02 14:00:00,0.7104476780307528
region2,ac_transmission:region1,power,2005-01-02 15:00:00,0.7611938080820012
region2,ac_transmission:region1,power,2005-01-02 16:00:00,0.5911939319028866
region2,ac_transmission:region1,power,2005-01-02 17:00:00,0.578507244613974
region2,ac_transmission:region1,power,2005-01-02 18:00:00,0.8500000000000001
region2,ac_transmission:region1,power,2005-01-02 19:00:00,0.8500000000000001
region2,ac_transmission:region1,power,2005-01-02 20:00:00,0.8119399381332619
region2,ac_transmission:region1,power,2005-01-02 21:00:00,0.7611938080820074
region2,ac_transmission:region1,power,2005-01-02 22:00:00,0.6977609907418401
region2,ac_transmission:region1,power,2005-01-02 23:00:00,0.7104476780307497
region2,ac_transmission:region1,power,2005-01-03 00:00:00,0.8500000000000001
region2,ac_transmission:region1,power,2005-01-03 01:00:00,0.8500000000000001
region2,ac_transmission:region1,power,2005-01-03 02:00:00,0.8500000000000001
region2,ac_transmission:region1,power,2005-01-03 03:00:00,0.8142244693699924
region2,ac_transmission:region1,power,2005-01-03 04:00:00,0.672388235268411
region2,ac_transmission:region1,power,2005-01-03 05:00:00,0.672388235268411
region2,ac_transmission:region1,power,2005-01-03 06:00:00,0.6850743034529274
region2,ac_transmission:region1,power,2005-01-03 07:00:00,0.7104476780307528
region2,ac_transmission:region1,power,2005-01-03 08:00:00,0.7611938080820074
region2,ac_transmission:region1,power,2005-01-03 09:00:00,0.7611938080820074
region2,ac_transmission:region1,power,2005-01-03 10:00:00,0.7485071207930948
region2,ac_transmission:region1,power,2005-01-03 11:00:00,0.7485071207930948
region2,ac_transmission:region1,power,2005-01-03 12:00:00,0.7358210526085783
region2,ac_transmission:region1,power,2005-01-03 13:00:00,0.7231343653196655
region2,ac_transmission:region1,power,2005-01-03 14:00:00,0.7104476780307528
region2,ac_transmission:region1,power,2005-01-03 15:00:00,0.4516416099336394
region2,ac_transmission:region1,power,2005-01-03 16:00:00,0.5911939319028866
region2,ac_transmission:region1,power,2005-01-03 17:00:00,0.578507244613974
region2,ac_transmission:region1,power,2005-01-03 18:00:00,0.655167227381021
region2,ac_transmission:region1,power,2005-01-03 19:00:00,0.8500000000000001
region2,ac_transmission:region1,power,2005-01-03 20:00:00,0.8500000000000001
region2,ac_transmission:region1,power,2005-01-03 21:00:00,0.8500000000000001
region2,ac_transmission:region1,power,2005-01-03 22:00:00,0.8500000000000001
region2,ac_transmission:region1,power,2005-01-03 23:00:00,0.8499999999999722
region2,ac_transmission:region1,power,2005-01-04 00:00:00,0.8500000000000001
region2,ac_transmission:region1,power,2005-01-04 01:00:00,0.8500000000000001
region2,ac_transmission:region1,power,2005-01-04 02:00:00,0.8500000000000001
region2,ac_transmission:region1,power,2005-01-04 03:00:00,0.8500000000000001
region2,ac_transmission:region1,power,2005-01-04 04:00:00,0.7768304334958901
region2,ac_transmission:region1,power,2005-01-04 05:00:00,0.672388235268411
region2,ac_transmission:region1,power,2005-01-04 06:00:00,0.6850743034529274
region2,ac_transmission:region1,power,2005-01-04 07:00:00,0.7104476780307528
region2,ac_transmission:region1,power,2005-01-04 08:00:00,0.7611938080820074
region2,ac_transmission:region1,power,2005-01-04 09:00:00,0.7440636847199937
region2,ac_transmission:region1,power,2005-01-04 10:00:00,0.7674878669005887
region2,ac_transmission:region1,power,2005-01-04 11:00:00,0.7485071207930948
region2,ac_transmission:region1,power,2005-01-04 12:00:00,0.7358210526085783
region2,ac_transmission:region1,power,2005-01-04 13:00:00,0.7231343653196655
region2,ac_transmission:region1,power,2005-01-04 14:00:00,0.60366318972782
region2,ac_transmission:region1,power,2005-01-04 15:00:00,0.4516416099336394
region2,ac_transmission:region1,power,2005-01-04 16:00:00,0.5911939319028866
region2,ac_transmission:region1,power,2005-01-04 17:00:00,0.578507244613974
region2,ac_transmission:region1,power,2005-01-04 18:00:00,0.5531344891405447
region2,ac_transmission:region1,power,2005-01-04 19:00:00,0.8500000000000001
region2,ac_transmission:region1,power,2005-01-04 20:00:00,0.8500000000000001
region2,ac_transmission:region1,power,2005-01-04 21:00:00,0.8500000000000001
region2,ac_transmission:region1,power,2005-01-04 22:00:00,0.8500000000000001
region2,ac_transmission:region1,power,2005-01-04 23:00:00,0.8500000000000001
region2,ac_transmission:region1,power,2005-01-05 00:00:00,0.8500000000000001
region2,ac_transmission:region1,power,2005-01-05 01:00:00,0.8500000000000001
region2,ac_transmission:region1,power,2005-01-05 02:00:00,0.8500000000000001
region2,ac_transmission:region1,power,2005-01-05 03:00:00,0.8500000000000001
region2,ac_transmission:region1,power,2005-01-05 04:00:00,0.8500000000000001
region2,ac_transmission:region1,power,2005-01-05 05:00:00,0.8305950970672547
region2,ac_transmission:region1,power,2005-01-05 06:00:00,0.6850743034529274
region2,ac_transmission:region1,power,2005-01-05 07:00:00,0.7104476780307528
region2,ac_transmission:region1,power,2005-01-05 08:00:00,0.7000532866795685
region2,ac_transmission:region1,power,2005-01-05 09:00:00,0.6249106049669685
region2,ac_transmission:region1,power,2005-01-05 10:00:00,0.727051438835035
region2,ac_transmission:region1,power,2005-01-05 11:00:00,0.7860406962812221
region2,ac_transmission:region1,power,2005-01-05 12:00:00,0.8180023322026788
region2,ac_transmission:region1,power,2005-01-05 13:00:00,0.7376393622205017
region2,ac_transmission:region1,power,2005-01-05 14:00:00,0.5056733270160407
region2,ac_transmission:region1,power,2005-01-05 15:00:00,0.4516416099336394
region2,ac_transmission:region1,power,2005-01-05 16:00:00,0.5911939319028866
region2,ac_transmission:region1,power,2005-01-05 17:00:00,0.578507244613974
region2,ac_transmission:region1,power,2005-01-05 18:00:00,0.5531344891405447
region2,ac_transmission:region1,power,2005-01-05 19:00:00,0.8500000000000001
region2,ac_transmission:region1,power,2005-01-05 20:00:00,0.8119399381332619
region2,ac_transmission:region1,power,2005-01-05 21:00:00,0.7611938080820074
region2,ac_transmission:region1,power,2005-01-05 22:00:00,0.6977609907418401
region2,ac_transmission:region1,power,2005-01-05 23:00:00,0.7104476780307528
region2,battery,power,2005-01-01 00:00:00,0.0
region2,battery,power,2005-01-01 01:00:00,0.0
region2,battery,power,2005-01-01 02:00:00,0.0
region2,battery,power,2005-01-01 03:00:00,0.0
region2,battery,power,2005-01-01 04:00:00,0.0
region2,battery,power,2005-01-01 05:00:00,0.0
region2,battery,power,2005-01-01 06:00:00,0.0
region2,battery,power,2005-01-01 07:00:00,0.0
region2,battery,power,2005-01-01 08:00:00,0.0
region2,battery,power,2005-01-01 09:00:00,0.0
region2,battery,power,2005-01-01 10:00:00,0.0
region2,battery,power,2005-01-01 11:00:00,0.0
region2,battery,power,2005-01-01 12:00:00,0.0
region2,battery,power,2005-01-01 13:00:00,0.0
region2,battery,power,2005-01-01 14:00:00,0.0
region2,battery,power,2005-01-01 15:00:00,0.0
region2,battery,power,2005-01-01 16:00:00,0.163934000000001
region2,battery,power,2005-01-01 17:00:00,0.122950000000002
region2,battery,power,2005-01-01 18:00:00,0.0409840000000014
region2,battery,power,2005-01-01 19:00:00,0.0
region2,battery,power,2005-01-01 20:00:00,0.0
region2,battery,power,2005-01-01 21:00:00,0.0
region2,battery,power,2005-01-01 22:00:00,0.0
region2,battery,power,2005-01-01 23:00:00,0.0
region2,battery,power,2005-01-02 00:00:00,0.0
region2,battery,power,2005-01-02 01:00:00,0.0
region2,battery,power,2005-01-02 02:00:00,0.0
region2,battery,power,2005-01-02 03:00:00,0.0
region2,battery,power,2005-01-02 04:00:00,0.0
region2,battery,power,2005-01-02 05:00:00,0.0
region2,battery,power,2005-01-02 06:00:00,0.0
region2,battery,power,2005-01-02 07:00:00,0.0
region2,battery,power,2005-01-02 08:00:00,0.0
region2,battery,power,2005-01-02 09:00:00,0.0
region2,battery,power,2005-01-02 10:00:00,0.0
region2,battery,power,2005-01-02 11:00:00,0.0
region2,battery,power,2005-01-02 12:00:00,0.0
region2,battery,power,2005-01-02 13:00:00,0.0
region2,battery,power,2005-01-02 14:00:00,0.0
region2,battery,power,2005-01-02 15:00:00,0.0
region2,battery,power,2005-01-02 16:00:00,1.0
region2,battery,power,2005-01-02 17:00:00,1.0
region2,battery,power,2005-01-02 18:00:00,0.040983999999999
region2,battery,power,2005-01-02 19:00:00,0.0
region2,battery,power,2005-01-02 20:00:00,0.0
region2,battery,power,2005-01-02 21:00:00,0.0
region2,battery,power,2005-01-02 22:00:00,0.0
region2,battery,power,2005-01-02 23:00:00,0.0
region2,battery,power,2005-01-03 00:00:00,0.0
region2,battery,power,2005-01-03 01:00:00,0.0
region2,battery,power,2005-01-03 02:00:00,0.0
region2,battery,power,2005-01-03 03:00:00,0.0
region2,battery,power,2005-01-03 04:00:00,0.0
region2,battery,power,2005-01-03 05:00:00,0.0
region2,battery,power,2005-01-03 06:00:00,0.0
region2,battery,power,2005-01-03 07:00:00,0.0
region2,battery,power,2005-01-03 08:00:00,0.0
region2,battery,power,2005-01-03 09:00:00,0.0
region2,battery,power,2005-01-03 10:00:00,0.0
region2,battery,power,2005-01-03 11:00:00,0.0
region2,battery,power,2005-01-03 12:00:00,0.0
region2,battery,power,2005-01-03 13:00:00,0.0
region2,battery,power,2005-01-03 14:00:00,0.0
region2,battery,power,2005-01-03 15:00:00,1.0
region2,battery,power,2005-01-03 16:00:00,1.0
region2,battery,power,2005-01-03 17:00:00,1.0
region2,battery,power,2005-01-03 18:00:00,0.670386000000001
region2,battery,power,2005-01-03 19:00:00,0.0
region2,battery,power,2005-01-03 20:00:00,0.0
region2,battery,power,2005-01-03 21:00:00,0.0
region2,battery,power,2005-01-03 22:00:00,0.0
region2,battery,power,2005-01-03 23:00:00,0.0
region2,battery,power,2005-01-04 00:00:00,0.0
region2,battery,power,2005-01-04 01:00:00,0.0
region2,battery,power,2005-01-04 02:00:00,0.0
region2,battery,power,2005-01-04 03:00:00,0.0
region2,battery,power,2005-01-04 04:00:00,0.0
region2,battery,power,2005-01-04 05:00:00,0.0
region2,battery,power,2005-01-04 06:00:00,0.0
region2,battery,power,2005-01-04 07:00:00,0.0
region2,battery,power,2005-01-04 08:00:00,0.0
region2,battery,power,2005-01-04 09:00:00,0.0553383999999977
region2,battery,power,2005-01-04 10:00:00,0.0
region2,battery,power,2005-01-04 11:00:00,0.0
region2,battery,power,2005-01-04 12:00:00,0.0
region2,battery,power,2005-01-04 13:00:00,0.0
region2,battery,power,2005-01-04 14:00:00,0.3449644
region2,battery,power,2005-01-04 15:00:00,1.0
region2,battery,power,2005-01-04 16:00:00,1.0
region2,battery,power,2005-01-04 17:00:00,1.0
region2,battery,power,2005-01-04 18:00:00,1.0
region2,battery,power,2005-01-04 19:00:00,0.0
region2,battery,power,2005-01-04 20:00:00,0.0
region2,battery,power,2005-01-04 21:00:00,0.0
region2,battery,power,2005-01-04 22:00:00,0.0
region2,battery,power,2005-01-04 23:00:00,0.0
region2,battery,power,2005-01-05 00:00:00,0.0
region2,battery,power,2005-01-05 01:00:00,0.0
region2,battery,power,2005-01-05 02:00:00,0.0
region2,battery,power,2005-01-05 03:00:00,0.0
region2,battery,power,2005-01-05 04:00:00,0.0
region2,battery,power,2005-01-05 05:00:00,0.0
region2,battery,power,2005-01-05 06:00:00,0.0
region2,battery,power,2005-01-05 07:00:00,0.0
region2,battery,power,2005-01-05 08:00:00,0.197512799999996
region2,battery,power,2005-01-05 09:00:00,0.44025919999999
region2,battery,power,2005-01-05 10:00:00,0.0693119999999985
region2,battery,power,2005-01-05 11:00:00,0.0
region2,battery,power,2005-01-05 12:00:00,0.0
region2,battery,power,2005-01-05 13:00:00,0.0
region2,battery,power,2005-01-05 14:00:00,0.661518
region2,battery,power,2005-01-05 15:00:00,1.0
region2,battery,power,2005-01-05 16:00:00,1.0
region2,battery,power,2005-01-05 17:00:00,1.0
region2,battery,power,2005-01-05 18:00:00,1.0
region2,battery,power,2005-01-05 19:00:00,0.0
region2,battery,power,2005-01-05 20:00:00,0.0
region2,battery,power,2005-01-05 21:00:00,0.0
region2,battery,power,2005-01-05 22:00:00,0.0
region2,battery,power,2005-01-05 23:00:00,0.0
